id_hal,Translation_id,line_id,source,translation,postedition,translation_tokenized,translation_word_offset,postedition_tokenized,postedition_word_offset
3,3,1,"Using data and artificial intelligence to try and boost revenues is part of HSBC's broader push to squeeze more out of its large physical network and client data, a key priority for interim Chief Executive Noel Quinn.","Využití dat a umělé inteligence k vyzkoušení a zvýšení výnosů je součástí širšího tlaku HSBC na vytlačení více z jeho rozsáhlé fyzické sítě a klientských dat, což je klíčová priorita dočasného generálního ředitele Noela Quinna.","Využití dat a umělé inteligence ke zvýšení výnosů je součástí širšího tlaku na HSBC, aby vytěžila více ze své rozsáhlé fyzické sítě klientů a klientských dat, což je klíčovou prioritou dočasného generálního ředitele banky Noela Quinna.","['Využití', 'dat', 'a', 'umělé', 'inteligence', 'k', 'vyzkoušení', 'a', 'zvýšení', 'výnosů', 'je', 'součástí', 'širšího', 'tlaku', 'HSBC', 'na', 'vytlačení', 'více', 'z', 'jeho', 'rozsáhlé', 'fyzické', 'sítě', 'a', 'klientských', 'dat,', 'což', 'je', 'klíčová', 'priorita', 'dočasného', 'generálního', 'ředitele', 'Noela', 'Quinna.']","[(0, 7), (7, 11), (11, 13), (13, 19), (19, 31), (31, 33), (33, 44), (44, 46), (46, 54), (54, 61), (61, 64), (64, 73), (73, 81), (81, 87), (87, 92), (92, 95), (95, 105), (105, 110), (110, 112), (112, 117), (117, 126), (126, 134), (134, 139), (139, 141), (141, 153), (153, 158), (158, 162), (162, 165), (165, 173), (173, 182), (182, 192), (192, 204), (204, 213), (213, 219), (219, 227)]","['Využití', 'dat', 'a', 'umělé', 'inteligence', 'ke', 'zvýšení', 'výnosů', 'je', 'součástí', 'širšího', 'tlaku', 'na', 'HSBC,', 'aby', 'vytěžila', 'více', 'ze', 'své', 'rozsáhlé', 'fyzické', 'sítě', 'klientů', 'a', 'klientských', 'dat,', 'což', 'je', 'klíčovou', 'prioritou', 'dočasného', 'generálního', 'ředitele', 'banky', 'Noela', 'Quinna.']","[(0, 7), (7, 11), (11, 13), (13, 19), (19, 31), (31, 34), (34, 42), (42, 49), (49, 52), (52, 61), (61, 69), (69, 75), (75, 78), (78, 84), (84, 88), (88, 97), (97, 102), (102, 105), (105, 109), (109, 118), (118, 126), (126, 131), (131, 139), (139, 141), (141, 153), (153, 158), (158, 162), (162, 165), (165, 174), (174, 184), (184, 194), (194, 206), (206, 215), (215, 221), (221, 227), (227, 235)]"
3,3,2,"""It's one of the first commercial uses of investment in financial crime prevention, and the business we're getting in this way is inherently lower risk and quicker to win,"" said Stuart Nivison, HSBC's global head of client network banking.","„Je to jedno z prvních komerčních investic do prevence finanční kriminality a podnikání, které tímto způsobem získáváme, je ze své podstaty nižší riziko a rychlejší vítězství,“ řekl Stuart Nivison, globální vedoucí klientského bankovnictví společnosti HSBC.","„Je to jedna z prvních komerčních investic do prevence finanční kriminality a podnikání, které tímto způsobem získáváme, představuje ve své podstatě nižší riziko a rychlejší šanci na vítězství,“ řekl Stuart Nivison, vedoucí klientské sítě bankovnictví HSBC.","['„Je', 'to', 'jedno', 'z', 'prvních', 'komerčních', 'investic', 'do', 'prevence', 'finanční', 'kriminality', 'a', 'podnikání,', 'které', 'tímto', 'způsobem', 'získáváme,', 'je', 'ze', 'své', 'podstaty', 'nižší', 'riziko', 'a', 'rychlejší', 'vítězství,“', 'řekl', 'Stuart', 'Nivison,', 'globální', 'vedoucí', 'klientského', 'bankovnictví', 'společnosti', 'HSBC.']","[(0, 3), (3, 6), (6, 12), (12, 14), (14, 22), (22, 33), (33, 42), (42, 45), (45, 54), (54, 63), (63, 75), (75, 77), (77, 88), (88, 94), (94, 100), (100, 109), (109, 120), (120, 123), (123, 126), (126, 130), (130, 139), (139, 145), (145, 152), (152, 154), (154, 164), (164, 176), (176, 181), (181, 188), (188, 197), (197, 206), (206, 214), (214, 226), (226, 239), (239, 251), (251, 257)]","['„Je', 'to', 'jedna', 'z', 'prvních', 'komerčních', 'investic', 'do', 'prevence', 'finanční', 'kriminality', 'a', 'podnikání,', 'které', 'tímto', 'způsobem', 'získáváme,', 'představuje', 've', 'své', 'podstatě', 'nižší', 'riziko', 'a', 'rychlejší', 'šanci', 'na', 'vítězství,“', 'řekl', 'Stuart', 'Nivison,', 'vedoucí', 'klientské', 'sítě', 'bankovnictví', 'HSBC.']","[(0, 3), (3, 6), (6, 12), (12, 14), (14, 22), (22, 33), (33, 42), (42, 45), (45, 54), (54, 63), (63, 75), (75, 77), (77, 88), (88, 94), (94, 100), (100, 109), (109, 120), (120, 132), (132, 135), (135, 139), (139, 148), (148, 154), (154, 161), (161, 163), (163, 173), (173, 179), (179, 182), (182, 194), (194, 199), (199, 206), (206, 215), (215, 223), (223, 233), (233, 238), (238, 251), (251, 257)]"
3,3,3,"HSBC declined to comment on how much it expects to make from the new system but said the broader ""network income"" initiative has already yielded hundreds of millions of dollars in additional revenue.","HSBC se odmítla vyjádřit k tomu, co očekává od nového systému, ale uvedla, že širší iniciativa „síťový příjem“ již přinesla další příjmy stovky milionů dolarů.","HSBC se odmítla vyjádřit k tomu, co očekává od nového systému, ale řekla, že širší využití „síťového příjmu“ již přineslo další příjmy ve výši stovek milionů dolarů.","['HSBC', 'se', 'odmítla', 'vyjádřit', 'k', 'tomu,', 'co', 'očekává', 'od', 'nového', 'systému,', 'ale', 'uvedla,', 'že', 'širší', 'iniciativa', '„síťový', 'příjem“', 'již', 'přinesla', 'další', 'příjmy', 'stovky', 'milionů', 'dolarů.']","[(0, 4), (4, 7), (7, 15), (15, 24), (24, 26), (26, 32), (32, 35), (35, 43), (43, 46), (46, 53), (53, 62), (62, 66), (66, 74), (74, 77), (77, 83), (83, 94), (94, 102), (102, 110), (110, 114), (114, 123), (123, 129), (129, 136), (136, 143), (143, 151), (151, 159)]","['HSBC', 'se', 'odmítla', 'vyjádřit', 'k', 'tomu,', 'co', 'očekává', 'od', 'nového', 'systému,', 'ale', 'řekla,', 'že', 'širší', 'využití', '„síťového', 'příjmu“', 'již', 'přineslo', 'další', 'příjmy', 've', 'výši', 'stovek', 'milionů', 'dolarů.']","[(0, 4), (4, 7), (7, 15), (15, 24), (24, 26), (26, 32), (32, 35), (35, 43), (43, 46), (46, 53), (53, 62), (62, 66), (66, 73), (73, 76), (76, 82), (82, 90), (90, 100), (100, 108), (108, 112), (112, 121), (121, 127), (127, 134), (134, 137), (137, 142), (142, 149), (149, 157), (157, 165)]"
3,3,4,The drive is an important part of the bank's efforts to defend its global presence at a time when some analysts and investors are saying it should shrink or exit markets like the United States where it makes returns below its cost of capital.,"Pohon je důležitou součástí úsilí banky bránit svou globální přítomnost v době, kdy někteří analytici a investoři říkají, že by měla zmenšovat nebo opouštět trhy, jako jsou Spojené státy, kde dosahuje návratnosti pod náklady na kapitál.","Kampaň je důležitou součástí úsilí banky obhájit své globální postavení v době, ve které někteří analytici a investoři říkají, že by měla zmenšovat nebo opouštět trhy, jako jsou Spojené státy, na kterých dosahuje nižší návratnosti, než jsou náklady na kapitál.","['Pohon', 'je', 'důležitou', 'součástí', 'úsilí', 'banky', 'bránit', 'svou', 'globální', 'přítomnost', 'v', 'době,', 'kdy', 'někteří', 'analytici', 'a', 'investoři', 'říkají,', 'že', 'by', 'měla', 'zmenšovat', 'nebo', 'opouštět', 'trhy,', 'jako', 'jsou', 'Spojené', 'státy,', 'kde', 'dosahuje', 'návratnosti', 'pod', 'náklady', 'na', 'kapitál.']","[(0, 5), (5, 8), (8, 18), (18, 27), (27, 33), (33, 39), (39, 46), (46, 51), (51, 60), (60, 71), (71, 73), (73, 79), (79, 83), (83, 91), (91, 101), (101, 103), (103, 113), (113, 121), (121, 124), (124, 127), (127, 132), (132, 142), (142, 147), (147, 156), (156, 162), (162, 167), (167, 172), (172, 180), (180, 187), (187, 191), (191, 200), (200, 212), (212, 216), (216, 224), (224, 227), (227, 236)]","['Kampaň', 'je', 'důležitou', 'součástí', 'úsilí', 'banky', 'obhájit', 'své', 'globální', 'postavení', 'v', 'době,', 've', 'které', 'někteří', 'analytici', 'a', 'investoři', 'říkají,', 'že', 'by', 'měla', 'zmenšovat', 'nebo', 'opouštět', 'trhy,', 'jako', 'jsou', 'Spojené', 'státy,', 'na', 'kterých', 'dosahuje', 'nižší', 'návratnosti,', 'než', 'jsou', 'náklady', 'na', 'kapitál.']","[(0, 6), (6, 9), (9, 19), (19, 28), (28, 34), (34, 40), (40, 48), (48, 52), (52, 61), (61, 71), (71, 73), (73, 79), (79, 82), (82, 88), (88, 96), (96, 106), (106, 108), (108, 118), (118, 126), (126, 129), (129, 132), (132, 137), (137, 147), (147, 152), (152, 161), (161, 167), (167, 172), (172, 177), (177, 185), (185, 192), (192, 195), (195, 203), (203, 212), (212, 218), (218, 231), (231, 235), (235, 240), (240, 248), (248, 251), (251, 260)]"
3,3,5,HSBC was forced to invest hundreds of millions of dollars in financial crime compliance as part of a $1.9 billion settlement in 2012 with U.S. authorities over the bank's failure to prevent money laundering by drug cartels though its Mexican unit.,"HSBC byla nucena investovat stovky milionů dolarů do souladu s finanční kriminalitou v rámci urovnání 1,9 miliardy USD v roce 2012 s americkými úřady kvůli tomu, že banka nezabránila praní peněz drogovými kartely prostřednictvím mexické jednotky.","HSBC byla nucena investovat stovky milionů dolarů v souladu s finanční kriminalitou v rámci vyrovnání 1,9 miliard USD v roce 2012 s americkými úřady z důvodu, že banka nezabránila praní peněz drogovými kartely prostřednictvím své mexické pobočky.","['HSBC', 'byla', 'nucena', 'investovat', 'stovky', 'milionů', 'dolarů', 'do', 'souladu', 's', 'finanční', 'kriminalitou', 'v', 'rámci', 'urovnání', '1,9', 'miliardy', 'USD', 'v', 'roce', '2012', 's', 'americkými', 'úřady', 'kvůli', 'tomu,', 'že', 'banka', 'nezabránila', 'praní', 'peněz', 'drogovými', 'kartely', 'prostřednictvím', 'mexické', 'jednotky.']","[(0, 4), (4, 9), (9, 16), (16, 27), (27, 34), (34, 42), (42, 49), (49, 52), (52, 60), (60, 62), (62, 71), (71, 84), (84, 86), (86, 92), (92, 101), (101, 105), (105, 114), (114, 118), (118, 120), (120, 125), (125, 130), (130, 132), (132, 143), (143, 149), (149, 155), (155, 161), (161, 164), (164, 170), (170, 182), (182, 188), (188, 194), (194, 204), (204, 212), (212, 228), (228, 236), (236, 246)]","['HSBC', 'byla', 'nucena', 'investovat', 'stovky', 'milionů', 'dolarů', 'v', 'souladu', 's', 'finanční', 'kriminalitou', 'v', 'rámci', 'vyrovnání', '1,9', 'miliard', 'USD', 'v', 'roce', '2012', 's', 'americkými', 'úřady', 'z', 'důvodu,', 'že', 'banka', 'nezabránila', 'praní', 'peněz', 'drogovými', 'kartely', 'prostřednictvím', 'své', 'mexické', 'pobočky.']","[(0, 4), (4, 9), (9, 16), (16, 27), (27, 34), (34, 42), (42, 49), (49, 51), (51, 59), (59, 61), (61, 70), (70, 83), (83, 85), (85, 91), (91, 101), (101, 105), (105, 113), (113, 117), (117, 119), (119, 124), (124, 129), (129, 131), (131, 142), (142, 148), (148, 150), (150, 158), (158, 161), (161, 167), (167, 179), (179, 185), (185, 191), (191, 201), (201, 209), (209, 225), (225, 229), (229, 237), (237, 246)]"
3,3,6,"The system works by mapping individual customers"" and companies ties to each other and then looking for unusual patterns of transactions or unearthing previously unknown connections between those entities.","Systém funguje tak, že mapuje jednotlivé zákazníky “a společnosti na sebe navazuje a poté hledá neobvyklé vzorce transakcí nebo odhalení dříve neznámých spojení mezi těmito entitami.","Systém funguje tak, že mapuje jednotlivé zákazníky“ a společnosti, které jsou na sebe napojené, a poté hledá neobvyklé transakční vzorce nebo odhalení původně neznámých napojení mezi těmito entitami.","['Systém', 'funguje', 'tak,', 'že', 'mapuje', 'jednotlivé', 'zákazníky', '“a', 'společnosti', 'na', 'sebe', 'navazuje', 'a', 'poté', 'hledá', 'neobvyklé', 'vzorce', 'transakcí', 'nebo', 'odhalení', 'dříve', 'neznámých', 'spojení', 'mezi', 'těmito', 'entitami.']","[(0, 6), (6, 14), (14, 19), (19, 22), (22, 29), (29, 40), (40, 50), (50, 53), (53, 65), (65, 68), (68, 73), (73, 82), (82, 84), (84, 89), (89, 95), (95, 105), (105, 112), (112, 122), (122, 127), (127, 136), (136, 142), (142, 152), (152, 160), (160, 165), (165, 172), (172, 182)]","['Systém', 'funguje', 'tak,', 'že', 'mapuje', 'jednotlivé', 'zákazníky“', 'a', 'společnosti,', 'které', 'jsou', 'na', 'sebe', 'napojené,', 'a', 'poté', 'hledá', 'neobvyklé', 'transakční', 'vzorce', 'nebo', 'odhalení', 'původně', 'neznámých', 'napojení', 'mezi', 'těmito', 'entitami.']","[(0, 6), (6, 14), (14, 19), (19, 22), (22, 29), (29, 40), (40, 51), (51, 53), (53, 66), (66, 72), (72, 77), (77, 80), (80, 85), (85, 95), (95, 97), (97, 102), (102, 108), (108, 118), (118, 129), (129, 136), (136, 141), (141, 150), (150, 158), (158, 168), (168, 177), (177, 182), (182, 189), (189, 199)]"
3,3,7,"That system has already freed up more than 400 staff to go from manually checking transactions and records to client-facing roles where they can spend time helping customers, said Adrian Rigby, chief operating officer of HSBC's trade business.","Tento systém již uvolnil více než 400 zaměstnanců, kteří by mohli přecházet z ručních kontrol transakcí a záznamů do rolí zaměřených na klienta, kde mohou trávit čas pomáháním zákazníkům, uvedl Adrian Rigby, hlavní provozní ředitel obchodu HSBC.","Tento systém umožnil již více než 400 zaměstnanců přechod od manuální kontroly transakcí a záznamů k funkcím zaměřeným na klienty, kde mohou více pomáhat zákazníkům, uvedl Adrian Rigby, hlavní výkonný obchodní ředitel HSBC.","['Tento', 'systém', 'již', 'uvolnil', 'více', 'než', '400', 'zaměstnanců,', 'kteří', 'by', 'mohli', 'přecházet', 'z', 'ručních', 'kontrol', 'transakcí', 'a', 'záznamů', 'do', 'rolí', 'zaměřených', 'na', 'klienta,', 'kde', 'mohou', 'trávit', 'čas', 'pomáháním', 'zákazníkům,', 'uvedl', 'Adrian', 'Rigby,', 'hlavní', 'provozní', 'ředitel', 'obchodu', 'HSBC.']","[(0, 5), (5, 12), (12, 16), (16, 24), (24, 29), (29, 33), (33, 37), (37, 50), (50, 56), (56, 59), (59, 65), (65, 75), (75, 77), (77, 85), (85, 93), (93, 103), (103, 105), (105, 113), (113, 116), (116, 121), (121, 132), (132, 135), (135, 144), (144, 148), (148, 154), (154, 161), (161, 165), (165, 175), (175, 187), (187, 193), (193, 200), (200, 207), (207, 214), (214, 223), (223, 231), (231, 239), (239, 245)]","['Tento', 'systém', 'umožnil', 'již', 'více', 'než', '400', 'zaměstnanců', 'přechod', 'od', 'manuální', 'kontroly', 'transakcí', 'a', 'záznamů', 'k', 'funkcím', 'zaměřeným', 'na', 'klienty,', 'kde', 'mohou', 'více', 'pomáhat', 'zákazníkům,', 'uvedl', 'Adrian', 'Rigby,', 'hlavní', 'výkonný', 'obchodní', 'ředitel', 'HSBC.']","[(0, 5), (5, 12), (12, 20), (20, 24), (24, 29), (29, 33), (33, 37), (37, 49), (49, 57), (57, 60), (60, 69), (69, 78), (78, 88), (88, 90), (90, 98), (98, 100), (100, 108), (108, 118), (118, 121), (121, 130), (130, 134), (134, 140), (140, 145), (145, 153), (153, 165), (165, 171), (171, 178), (178, 185), (185, 192), (192, 200), (200, 209), (209, 217), (217, 223)]"
3,3,8,"HSBC's Nivison said the lightbulb moment was realizing the tool could be repurposed to look for ""green flags"" of attractive potential clients rather than ""red flags"" of wrongdoing.","Společnost Nivison společnosti HSBC uvedla, že okamžik žárovky si uvědomuje, že tento nástroj by mohl být přemístěn tak, aby hledal „zelené vlajky“ atraktivních potenciálních klientů, spíše než „červené vlajky“ protiprávního jednání.","Pan Nivison z HSBC řekl, že si banka náhle uvědomila, že tento nástroj by mohl být upraven tak, aby hledal atraktivní potenciální klienty se „zeleným semaforem“ místo těch nezákonných „s výstražnou kontrolkou“..","['Společnost', 'Nivison', 'společnosti', 'HSBC', 'uvedla,', 'že', 'okamžik', 'žárovky', 'si', 'uvědomuje,', 'že', 'tento', 'nástroj', 'by', 'mohl', 'být', 'přemístěn', 'tak,', 'aby', 'hledal', '„zelené', 'vlajky“', 'atraktivních', 'potenciálních', 'klientů,', 'spíše', 'než', '„červené', 'vlajky“', 'protiprávního', 'jednání.']","[(0, 10), (10, 18), (18, 30), (30, 35), (35, 43), (43, 46), (46, 54), (54, 62), (62, 65), (65, 76), (76, 79), (79, 85), (85, 93), (93, 96), (96, 101), (101, 105), (105, 115), (115, 120), (120, 124), (124, 131), (131, 139), (139, 147), (147, 160), (160, 174), (174, 183), (183, 189), (189, 193), (193, 202), (202, 210), (210, 224), (224, 233)]","['Pan', 'Nivison', 'z', 'HSBC', 'řekl,', 'že', 'si', 'banka', 'náhle', 'uvědomila,', 'že', 'tento', 'nástroj', 'by', 'mohl', 'být', 'upraven', 'tak,', 'aby', 'hledal', 'atraktivní', 'potenciální', 'klienty', 'se', '„zeleným', 'semaforem“', 'místo', 'těch', 'nezákonných', '„s', 'výstražnou', 'kontrolkou“..']","[(0, 3), (3, 11), (11, 13), (13, 18), (18, 24), (24, 27), (27, 30), (30, 36), (36, 42), (42, 53), (53, 56), (56, 62), (62, 70), (70, 73), (73, 78), (78, 82), (82, 90), (90, 95), (95, 99), (99, 106), (106, 117), (117, 129), (129, 137), (137, 140), (140, 149), (149, 160), (160, 166), (166, 171), (171, 183), (183, 186), (186, 197), (197, 211)]"
5,5,1,Stem cells of 56 child cancer patients lost at Children's Hospital after freezer malfunction,Kmenové buňky 56 pacientů s rakovinou u dětí ztracených v dětské nemocnici po poruše mrazáku,Kmenové buňky 56 dětských pacientů s rakovinou se ztratily v dětské nemocnici při poruše mrazáku,"['Kmenové', 'buňky', '56', 'pacientů', 's', 'rakovinou', 'u', 'dětí', 'ztracených', 'v', 'dětské', 'nemocnici', 'po', 'poruše', 'mrazáku']","[(0, 7), (7, 13), (13, 16), (16, 25), (25, 27), (27, 37), (37, 39), (39, 44), (44, 55), (55, 57), (57, 64), (64, 74), (74, 77), (77, 84), (84, 92)]","['Kmenové', 'buňky', '56', 'dětských', 'pacientů', 's', 'rakovinou', 'se', 'ztratily', 'v', 'dětské', 'nemocnici', 'při', 'poruše', 'mrazáku']","[(0, 7), (7, 13), (13, 16), (16, 25), (25, 34), (34, 36), (36, 46), (46, 49), (49, 58), (58, 60), (60, 67), (67, 77), (77, 81), (81, 88), (88, 96)]"
5,5,2,A freezer malfunction at Children's Hospital Los Angeles resulted in the loss of 56 children's blood stem cells that were harvested at the beginning of each patient's oncology therapy and stored in the event they could prove useful in the future.,"Porucha mrazáku v dětské nemocnici v Los Angeles vedla ke ztrátě 56 dětských krevních kmenových buněk, které byly odebrány na začátku onkologické terapie každého pacienta a uloženy pro případ, že by se mohly v budoucnu ukázat jako užitečné.","Porucha mrazáku v dětské nemocnici v Los Angeles vedla ke ztrátě 56 krevních kmenových buněk nemocných dětí, které byly odebrány na začátku onkologické terapie každého pacienta a uloženy pro případ, že by mohly být v budoucnu užitečné.","['Porucha', 'mrazáku', 'v', 'dětské', 'nemocnici', 'v', 'Los', 'Angeles', 'vedla', 'ke', 'ztrátě', '56', 'dětských', 'krevních', 'kmenových', 'buněk,', 'které', 'byly', 'odebrány', 'na', 'začátku', 'onkologické', 'terapie', 'každého', 'pacienta', 'a', 'uloženy', 'pro', 'případ,', 'že', 'by', 'se', 'mohly', 'v', 'budoucnu', 'ukázat', 'jako', 'užitečné.']","[(0, 7), (7, 15), (15, 17), (17, 24), (24, 34), (34, 36), (36, 40), (40, 48), (48, 54), (54, 57), (57, 64), (64, 67), (67, 76), (76, 85), (85, 95), (95, 102), (102, 108), (108, 113), (113, 122), (122, 125), (125, 133), (133, 145), (145, 153), (153, 161), (161, 170), (170, 172), (172, 180), (180, 184), (184, 192), (192, 195), (195, 198), (198, 201), (201, 207), (207, 209), (209, 218), (218, 225), (225, 230), (230, 240)]","['Porucha', 'mrazáku', 'v', 'dětské', 'nemocnici', 'v', 'Los', 'Angeles', 'vedla', 'ke', 'ztrátě', '56', 'krevních', 'kmenových', 'buněk', 'nemocných', 'dětí,', 'které', 'byly', 'odebrány', 'na', 'začátku', 'onkologické', 'terapie', 'každého', 'pacienta', 'a', 'uloženy', 'pro', 'případ,', 'že', 'by', 'mohly', 'být', 'v', 'budoucnu', 'užitečné.']","[(0, 7), (7, 15), (15, 17), (17, 24), (24, 34), (34, 36), (36, 40), (40, 48), (48, 54), (54, 57), (57, 64), (64, 67), (67, 76), (76, 86), (86, 92), (92, 102), (102, 108), (108, 114), (114, 119), (119, 128), (128, 131), (131, 139), (139, 151), (151, 159), (159, 167), (167, 176), (176, 178), (178, 186), (186, 190), (190, 198), (198, 201), (201, 204), (204, 210), (210, 214), (214, 216), (216, 225), (225, 235)]"
5,5,3,"""We apologize for any distress or confusion that this has caused our patients and their families,"" the hospital wrote in a statement. ""If you have not received a letter or phone call from our team, your child is not impacted.""","„Omlouváme se za jakékoli trápení nebo nejasnosti, které to způsobilo našim pacientům a jejich rodinám,“ píše v prohlášení nemocnice. ""Pokud jste od našeho týmu neobdrželi dopis nebo telefonický hovor, vaše dítě to nijak neovlivní.""","„Omlouváme se za způsobenou bolest či nejasnosti, které to přineslo našim pacientům a jejich rodinám,“ napsala v prohlášení nemocnice. „Pokud jste od našeho týmu neobdrželi dopis nebo telefonický hovor, vašeho dítě se věc nijak netýká.“","['„Omlouváme', 'se', 'za', 'jakékoli', 'trápení', 'nebo', 'nejasnosti,', 'které', 'to', 'způsobilo', 'našim', 'pacientům', 'a', 'jejich', 'rodinám,“', 'píše', 'v', 'prohlášení', 'nemocnice.', '""Pokud', 'jste', 'od', 'našeho', 'týmu', 'neobdrželi', 'dopis', 'nebo', 'telefonický', 'hovor,', 'vaše', 'dítě', 'to', 'nijak', 'neovlivní.""']","[(0, 10), (10, 13), (13, 16), (16, 25), (25, 33), (33, 38), (38, 50), (50, 56), (56, 59), (59, 69), (69, 75), (75, 85), (85, 87), (87, 94), (94, 104), (104, 109), (109, 111), (111, 122), (122, 133), (133, 140), (140, 145), (145, 148), (148, 155), (155, 160), (160, 171), (171, 177), (177, 182), (182, 194), (194, 201), (201, 206), (206, 211), (211, 214), (214, 220), (220, 232)]","['„Omlouváme', 'se', 'za', 'způsobenou', 'bolest', 'či', 'nejasnosti,', 'které', 'to', 'přineslo', 'našim', 'pacientům', 'a', 'jejich', 'rodinám,“', 'napsala', 'v', 'prohlášení', 'nemocnice.', '„Pokud', 'jste', 'od', 'našeho', 'týmu', 'neobdrželi', 'dopis', 'nebo', 'telefonický', 'hovor,', 'vašeho', 'dítě', 'se', 'věc', 'nijak', 'netýká.“']","[(0, 10), (10, 13), (13, 16), (16, 27), (27, 34), (34, 37), (37, 49), (49, 55), (55, 58), (58, 67), (67, 73), (73, 83), (83, 85), (85, 92), (92, 102), (102, 110), (110, 112), (112, 123), (123, 134), (134, 141), (141, 146), (146, 149), (149, 156), (156, 161), (161, 172), (172, 178), (178, 183), (183, 195), (195, 202), (202, 209), (209, 214), (214, 217), (217, 221), (221, 227), (227, 236)]"
5,5,4,"All but one patient had gone through initial therapy. That patient did require the recollection of stem cells, chief medical officer James Stein said.","Všichni pacienti kromě jednoho prošli počáteční terapií. Uvedený pacient vyžadoval vzpomínku na kmenové buňky, uvedl hlavní lékař James Stein.","Kromě jednoho prošli všichni pacienti počáteční terapií. Dotyčný pacient požadoval nový odběr kmenových buněk, uvedl hlavní lékař James Stein.","['Všichni', 'pacienti', 'kromě', 'jednoho', 'prošli', 'počáteční', 'terapií.', 'Uvedený', 'pacient', 'vyžadoval', 'vzpomínku', 'na', 'kmenové', 'buňky,', 'uvedl', 'hlavní', 'lékař', 'James', 'Stein.']","[(0, 7), (7, 16), (16, 22), (22, 30), (30, 37), (37, 47), (47, 56), (56, 64), (64, 72), (72, 82), (82, 92), (92, 95), (95, 103), (103, 110), (110, 116), (116, 123), (123, 129), (129, 135), (135, 142)]","['Kromě', 'jednoho', 'prošli', 'všichni', 'pacienti', 'počáteční', 'terapií.', 'Dotyčný', 'pacient', 'požadoval', 'nový', 'odběr', 'kmenových', 'buněk,', 'uvedl', 'hlavní', 'lékař', 'James', 'Stein.']","[(0, 5), (5, 13), (13, 20), (20, 28), (28, 37), (37, 47), (47, 56), (56, 64), (64, 72), (72, 82), (82, 87), (87, 93), (93, 103), (103, 110), (110, 116), (116, 123), (123, 129), (129, 135), (135, 142)]"
5,5,5,A letter sent to families earlier in September informing them of the loss was accidentally addressed to the children - rather than the parents. The hospital has also apologized to parents for the messaging oversight.,Dopis zaslaný rodinám začátkem září informující je o ztrátě byl náhodně adresován dětem - spíše než rodičům. Nemocnice se také rodičům omluvila za dohled nad zasíláním zpráv.,"Dopis zaslaný rodičům na začátku září, který je informoval o ztrátě buněk, byl náhodně adresován dětem namísto rodičům. Nemocnice se rodičům omluvila také za pochybení při rozesílání dopisů.","['Dopis', 'zaslaný', 'rodinám', 'začátkem', 'září', 'informující', 'je', 'o', 'ztrátě', 'byl', 'náhodně', 'adresován', 'dětem', '-', 'spíše', 'než', 'rodičům.', 'Nemocnice', 'se', 'také', 'rodičům', 'omluvila', 'za', 'dohled', 'nad', 'zasíláním', 'zpráv.']","[(0, 5), (5, 13), (13, 21), (21, 30), (30, 35), (35, 47), (47, 50), (50, 52), (52, 59), (59, 63), (63, 71), (71, 81), (81, 87), (87, 89), (89, 95), (95, 99), (99, 108), (108, 118), (118, 121), (121, 126), (126, 134), (134, 143), (143, 146), (146, 153), (153, 157), (157, 167), (167, 174)]","['Dopis', 'zaslaný', 'rodičům', 'na', 'začátku', 'září,', 'který', 'je', 'informoval', 'o', 'ztrátě', 'buněk,', 'byl', 'náhodně', 'adresován', 'dětem', 'namísto', 'rodičům.', 'Nemocnice', 'se', 'rodičům', 'omluvila', 'také', 'za', 'pochybení', 'při', 'rozesílání', 'dopisů.']","[(0, 5), (5, 13), (13, 21), (21, 24), (24, 32), (32, 38), (38, 44), (44, 47), (47, 58), (58, 60), (60, 67), (67, 74), (74, 78), (78, 86), (86, 96), (96, 102), (102, 110), (110, 119), (119, 129), (129, 132), (132, 140), (140, 149), (149, 154), (154, 157), (157, 167), (167, 171), (171, 182), (182, 190)]"
5,5,6,"The hospital said that the loss of stem cells, which had been placed in long-term storage, has not jeopardized any child's health. The hospital has also offered to assist families who want to harvest again. But the process can be grueling.","Nemocnice uvedla, že ztráta kmenových buněk, které byly umístěny do dlouhodobého skladování, neohrozila zdraví žádného dítěte. Nemocnice také nabídla pomoc rodinám, které se chtějí znovu sklízet. Ale tento proces může být vyčerpávající.","Nemocnice uvedla, že ztráta kmenových buněk, které byly dlouhodobě skladovány, neohrozila zdraví žádného dítěte. Nemocnice také nabídla pomoc rodinám, které se chtějí nechat udělat nový odběr. Ale tento proces může být náročný.","['Nemocnice', 'uvedla,', 'že', 'ztráta', 'kmenových', 'buněk,', 'které', 'byly', 'umístěny', 'do', 'dlouhodobého', 'skladování,', 'neohrozila', 'zdraví', 'žádného', 'dítěte.', 'Nemocnice', 'také', 'nabídla', 'pomoc', 'rodinám,', 'které', 'se', 'chtějí', 'znovu', 'sklízet.', 'Ale', 'tento', 'proces', 'může', 'být', 'vyčerpávající.']","[(0, 9), (9, 17), (17, 20), (20, 27), (27, 37), (37, 44), (44, 50), (50, 55), (55, 64), (64, 67), (67, 80), (80, 92), (92, 103), (103, 110), (110, 118), (118, 126), (126, 136), (136, 141), (141, 149), (149, 155), (155, 164), (164, 170), (170, 173), (173, 180), (180, 186), (186, 195), (195, 199), (199, 205), (205, 212), (212, 217), (217, 221), (221, 236)]","['Nemocnice', 'uvedla,', 'že', 'ztráta', 'kmenových', 'buněk,', 'které', 'byly', 'dlouhodobě', 'skladovány,', 'neohrozila', 'zdraví', 'žádného', 'dítěte.', 'Nemocnice', 'také', 'nabídla', 'pomoc', 'rodinám,', 'které', 'se', 'chtějí', 'nechat', 'udělat', 'nový', 'odběr.', 'Ale', 'tento', 'proces', 'může', 'být', 'náročný.']","[(0, 9), (9, 17), (17, 20), (20, 27), (27, 37), (37, 44), (44, 50), (50, 55), (55, 66), (66, 78), (78, 89), (89, 96), (96, 104), (104, 112), (112, 122), (122, 127), (127, 135), (135, 141), (141, 150), (150, 156), (156, 159), (159, 166), (166, 173), (173, 180), (180, 185), (185, 192), (192, 196), (196, 202), (202, 209), (209, 214), (214, 218), (218, 227)]"
5,5,7,"One of the patients described it as ""painful."" Sean Anderson Corona, 13, underwent stem cell therapy when he was diagnosed with Stage 4 Neuroblastoma - a cancer often found in the adrenal glands. The boy was hooked up to machines for a daylong process that collects the stem cells from the blood. The blood is then reinfused back into the body.","Jeden z pacientů to popsal jako „bolestivý“. Sean Anderson Corona (13 let) podstoupil terapii kmenovými buňkami, když mu byla diagnostikována neuroblastom fáze 4 - rakovina, která se často vyskytuje v nadledvinách. Chlapec byl spojen se stroji po celý den, který shromažďoval kmenové buňky z krve. Krev je pak znovu naplněna zpět do těla.","Jeden z pacientů popsal odběr jako „bolestivý“. Sean Anderson Corona (13 let) podstoupil terapii kmenovými buňkami, když mu byl diagnostikován neuroblastom ve 4. fázi – jedná se o rakovinu, která se často vyskytuje v nadledvinách. Chlapec byl celý den napojený na přístroj, který shromažďoval kmenové buňky z jeho krve. Krev je poté znovu filtrována zpět do těla.","['Jeden', 'z', 'pacientů', 'to', 'popsal', 'jako', '„bolestivý“.', 'Sean', 'Anderson', 'Corona', '(13', 'let)', 'podstoupil', 'terapii', 'kmenovými', 'buňkami,', 'když', 'mu', 'byla', 'diagnostikována', 'neuroblastom', 'fáze', '4', '-', 'rakovina,', 'která', 'se', 'často', 'vyskytuje', 'v', 'nadledvinách.', 'Chlapec', 'byl', 'spojen', 'se', 'stroji', 'po', 'celý', 'den,', 'který', 'shromažďoval', 'kmenové', 'buňky', 'z', 'krve.', 'Krev', 'je', 'pak', 'znovu', 'naplněna', 'zpět', 'do', 'těla.']","[(0, 5), (5, 7), (7, 16), (16, 19), (19, 26), (26, 31), (31, 44), (44, 49), (49, 58), (58, 65), (65, 69), (69, 74), (74, 85), (85, 93), (93, 103), (103, 112), (112, 117), (117, 120), (120, 125), (125, 141), (141, 154), (154, 159), (159, 161), (161, 163), (163, 173), (173, 179), (179, 182), (182, 188), (188, 198), (198, 200), (200, 214), (214, 222), (222, 226), (226, 233), (233, 236), (236, 243), (243, 246), (246, 251), (251, 256), (256, 262), (262, 275), (275, 283), (283, 289), (289, 291), (291, 297), (297, 302), (302, 305), (305, 309), (309, 315), (315, 324), (324, 329), (329, 332), (332, 338)]","['Jeden', 'z', 'pacientů', 'popsal', 'odběr', 'jako', '„bolestivý“.', 'Sean', 'Anderson', 'Corona', '(13', 'let)', 'podstoupil', 'terapii', 'kmenovými', 'buňkami,', 'když', 'mu', 'byl', 'diagnostikován', 'neuroblastom', 've', '4.', 'fázi', '–', 'jedná', 'se', 'o', 'rakovinu,', 'která', 'se', 'často', 'vyskytuje', 'v', 'nadledvinách.', 'Chlapec', 'byl', 'celý', 'den', 'napojený', 'na', 'přístroj,', 'který', 'shromažďoval', 'kmenové', 'buňky', 'z', 'jeho', 'krve.', 'Krev', 'je', 'poté', 'znovu', 'filtrována', 'zpět', 'do', 'těla.']","[(0, 5), (5, 7), (7, 16), (16, 23), (23, 29), (29, 34), (34, 47), (47, 52), (52, 61), (61, 68), (68, 72), (72, 77), (77, 88), (88, 96), (96, 106), (106, 115), (115, 120), (120, 123), (123, 127), (127, 142), (142, 155), (155, 158), (158, 161), (161, 166), (166, 168), (168, 174), (174, 177), (177, 179), (179, 189), (189, 195), (195, 198), (198, 204), (204, 214), (214, 216), (216, 230), (230, 238), (238, 242), (242, 247), (247, 251), (251, 260), (260, 263), (263, 273), (273, 279), (279, 292), (292, 300), (300, 306), (306, 308), (308, 313), (313, 319), (319, 324), (324, 327), (327, 332), (332, 338), (338, 349), (349, 354), (354, 357), (357, 363)]"
5,5,8,"""I would try to sleep and my body would just start shaking, and then I just started to freak out and I'd start crying,"" Corona told ABC-7.","„Pokusil jsem se spát a moje tělo se jen začalo třást, a pak jsem začal vyděsit a začal jsem plakat,“ řekla Corona ABC-7.","„Zkoušel jsem usnout a moje tělo se jen začalo třást, pak jsem vyděsil a začal jsem plakat,“ řekl Corona televizi ABC-7.","['„Pokusil', 'jsem', 'se', 'spát', 'a', 'moje', 'tělo', 'se', 'jen', 'začalo', 'třást,', 'a', 'pak', 'jsem', 'začal', 'vyděsit', 'a', 'začal', 'jsem', 'plakat,“', 'řekla', 'Corona', 'ABC-7.']","[(0, 8), (8, 13), (13, 16), (16, 21), (21, 23), (23, 28), (28, 33), (33, 36), (36, 40), (40, 47), (47, 54), (54, 56), (56, 60), (60, 65), (65, 71), (71, 79), (79, 81), (81, 87), (87, 92), (92, 101), (101, 107), (107, 114), (114, 121)]","['„Zkoušel', 'jsem', 'usnout', 'a', 'moje', 'tělo', 'se', 'jen', 'začalo', 'třást,', 'pak', 'jsem', 'vyděsil', 'a', 'začal', 'jsem', 'plakat,“', 'řekl', 'Corona', 'televizi', 'ABC-7.']","[(0, 8), (8, 13), (13, 20), (20, 22), (22, 27), (27, 32), (32, 35), (35, 39), (39, 46), (46, 53), (53, 57), (57, 62), (62, 70), (70, 72), (72, 78), (78, 83), (83, 92), (92, 97), (97, 104), (104, 113), (113, 120)]"
6,6,1,Three Scottish students named among Europe's best,Tři skotští studenti byli zařazeni mezi nejlepší v Evropě,Tři skotští studenti byli zařazeni mezi nejlepší v Evropě,"['Tři', 'skotští', 'studenti', 'byli', 'zařazeni', 'mezi', 'nejlepší', 'v', 'Evropě']","[(0, 3), (3, 11), (11, 20), (20, 25), (25, 34), (34, 39), (39, 48), (48, 50), (50, 57)]","['Tři', 'skotští', 'studenti', 'byli', 'zařazeni', 'mezi', 'nejlepší', 'v', 'Evropě']","[(0, 3), (3, 11), (11, 20), (20, 25), (25, 34), (34, 39), (39, 48), (48, 50), (50, 57)]"
6,6,2,Three University of Dundee students have been named regional winners as top graduates in Europe.,Tři studenti univerzity Dundee byli jmenováni regionálními vítězi jako nejlepší absolventi v Evropě.,Tři studenti z Univerzity Dundee se stali regionálními vítězi jako nejlepší evropští absolventi.,"['Tři', 'studenti', 'univerzity', 'Dundee', 'byli', 'jmenováni', 'regionálními', 'vítězi', 'jako', 'nejlepší', 'absolventi', 'v', 'Evropě.']","[(0, 3), (3, 12), (12, 23), (23, 30), (30, 35), (35, 45), (45, 58), (58, 65), (65, 70), (70, 79), (79, 90), (90, 92), (92, 100)]","['Tři', 'studenti', 'z', 'Univerzity', 'Dundee', 'se', 'stali', 'regionálními', 'vítězi', 'jako', 'nejlepší', 'evropští', 'absolventi.']","[(0, 3), (3, 12), (12, 14), (14, 25), (25, 32), (32, 35), (35, 41), (41, 54), (54, 61), (61, 66), (66, 75), (75, 84), (84, 96)]"
6,6,3,"The University of Dundee students were named as top graduates in their respective fields in Europe in the 2019 Global Undergraduate Awards, whilst five other students from the same university were praised by the judges.","Studenti University of Dundee byli jmenováni jako nejlepší absolventi ve svých oborech v Evropě v roce 2019 Global Undergraduate Awards, zatímco pět dalších studentů ze stejné univerzity byli soudci oceněni.",Studenti Univerzity Dundee byli oceněni jako nejlepší absolventi ve svých oborech v Evropě v roce 2019 a byla jim udělena cena Global Undergraduate Awards a pět dalších studentů ze stejné univerzity porota pochválila.,"['Studenti', 'University', 'of', 'Dundee', 'byli', 'jmenováni', 'jako', 'nejlepší', 'absolventi', 've', 'svých', 'oborech', 'v', 'Evropě', 'v', 'roce', '2019', 'Global', 'Undergraduate', 'Awards,', 'zatímco', 'pět', 'dalších', 'studentů', 'ze', 'stejné', 'univerzity', 'byli', 'soudci', 'oceněni.']","[(0, 8), (8, 19), (19, 22), (22, 29), (29, 34), (34, 44), (44, 49), (49, 58), (58, 69), (69, 72), (72, 78), (78, 86), (86, 88), (88, 95), (95, 97), (97, 102), (102, 107), (107, 114), (114, 128), (128, 136), (136, 144), (144, 148), (148, 156), (156, 165), (165, 168), (168, 175), (175, 186), (186, 191), (191, 198), (198, 207)]","['Studenti', 'Univerzity', 'Dundee', 'byli', 'oceněni', 'jako', 'nejlepší', 'absolventi', 've', 'svých', 'oborech', 'v', 'Evropě', 'v', 'roce', '2019', 'a', 'byla', 'jim', 'udělena', 'cena', 'Global', 'Undergraduate', 'Awards', 'a', 'pět', 'dalších', 'studentů', 'ze', 'stejné', 'univerzity', 'porota', 'pochválila.']","[(0, 8), (8, 19), (19, 26), (26, 31), (31, 39), (39, 44), (44, 53), (53, 64), (64, 67), (67, 73), (73, 81), (81, 83), (83, 90), (90, 92), (92, 97), (97, 102), (102, 104), (104, 109), (109, 113), (113, 121), (121, 126), (126, 133), (133, 147), (147, 154), (154, 156), (156, 160), (160, 168), (168, 177), (177, 180), (180, 187), (187, 198), (198, 205), (205, 217)]"
6,6,4,"Scott Sheldrick, who graduated in Molecular Genetics, won the Europe award for Life Sciences, Chester Cornford studied MSc Mental Health Nursing and was awarded the Nursing, Midwifery & Allied Healthcare prize, whilst Lola Knibb won the Visual Arts award.","Scott Sheldrick, který vystudoval molekulární genetiku, získal Evropskou cenu za Life Sciences, Chester Cornford vystudoval MSc Mental Health Nursing a získal cenu Nursing, Midwifery & Allied Healthcare, zatímco Lola Knibb získala cenu Visual Arts.","Scott Sheldrick, který vystudoval molekulární genetiku, získal cenu za humanitní vědy, Chester Cornford vystudoval obor péče o duševní zdraví s titulem MSc a získal cenu za ošetřovatelství, porodní asistenci a související obory, a nakonec Lola Knibbová získala cenu za vizuální umění.","['Scott', 'Sheldrick,', 'který', 'vystudoval', 'molekulární', 'genetiku,', 'získal', 'Evropskou', 'cenu', 'za', 'Life', 'Sciences,', 'Chester', 'Cornford', 'vystudoval', 'MSc', 'Mental', 'Health', 'Nursing', 'a', 'získal', 'cenu', 'Nursing,', 'Midwifery', '&', 'Allied', 'Healthcare,', 'zatímco', 'Lola', 'Knibb', 'získala', 'cenu', 'Visual', 'Arts.']","[(0, 5), (5, 16), (16, 22), (22, 33), (33, 45), (45, 55), (55, 62), (62, 72), (72, 77), (77, 80), (80, 85), (85, 95), (95, 103), (103, 112), (112, 123), (123, 127), (127, 134), (134, 141), (141, 149), (149, 151), (151, 158), (158, 163), (163, 172), (172, 182), (182, 184), (184, 191), (191, 203), (203, 211), (211, 216), (216, 222), (222, 230), (230, 235), (235, 242), (242, 248)]","['Scott', 'Sheldrick,', 'který', 'vystudoval', 'molekulární', 'genetiku,', 'získal', 'cenu', 'za', 'humanitní', 'vědy,', 'Chester', 'Cornford', 'vystudoval', 'obor', 'péče', 'o', 'duševní', 'zdraví', 's', 'titulem', 'MSc', 'a', 'získal', 'cenu', 'za', 'ošetřovatelství,', 'porodní', 'asistenci', 'a', 'související', 'obory,', 'a', 'nakonec', 'Lola', 'Knibbová', 'získala', 'cenu', 'za', 'vizuální', 'umění.']","[(0, 5), (5, 16), (16, 22), (22, 33), (33, 45), (45, 55), (55, 62), (62, 67), (67, 70), (70, 80), (80, 86), (86, 94), (94, 103), (103, 114), (114, 119), (119, 124), (124, 126), (126, 134), (134, 141), (141, 143), (143, 151), (151, 155), (155, 157), (157, 164), (164, 169), (169, 172), (172, 189), (189, 197), (197, 207), (207, 209), (209, 221), (221, 228), (228, 230), (230, 238), (238, 243), (243, 252), (252, 260), (260, 265), (265, 268), (268, 277), (277, 284)]"
6,6,5,"Although all three made it through to the global final, they lost out in the final round to strong competition from some of the 3,500 entrants from across the world.","Přestože se všichni tři dostali do globálního finále, ve finále prohráli se silnou konkurencí některých z 3 500 účastníků z celého světa.","Přestože se všichni tři dostali do celosvětového finále, v něm prohráli se silnou konkurencí v podobě dalších 3 500 účastníků z celého světa.","['Přestože', 'se', 'všichni', 'tři', 'dostali', 'do', 'globálního', 'finále,', 've', 'finále', 'prohráli', 'se', 'silnou', 'konkurencí', 'některých', 'z', '3', '500', 'účastníků', 'z', 'celého', 'světa.']","[(0, 8), (8, 11), (11, 19), (19, 23), (23, 31), (31, 34), (34, 45), (45, 53), (53, 56), (56, 63), (63, 72), (72, 75), (75, 82), (82, 93), (93, 103), (103, 105), (105, 107), (107, 111), (111, 121), (121, 123), (123, 130), (130, 137)]","['Přestože', 'se', 'všichni', 'tři', 'dostali', 'do', 'celosvětového', 'finále,', 'v', 'něm', 'prohráli', 'se', 'silnou', 'konkurencí', 'v', 'podobě', 'dalších', '3', '500', 'účastníků', 'z', 'celého', 'světa.']","[(0, 8), (8, 11), (11, 19), (19, 23), (23, 31), (31, 34), (34, 48), (48, 56), (56, 58), (58, 62), (62, 71), (71, 74), (74, 81), (81, 92), (92, 94), (94, 101), (101, 109), (109, 111), (111, 115), (115, 125), (125, 127), (127, 134), (134, 141)]"
6,6,6,"Professor Blair Grubb, Vice-Principal (Education) at the University, said: ""To get to this stage, our students and graduates faced competition from peers attending some of the world's top universities.","Profesor Blair Grubb, zástupce ředitele pro vzdělávání na univerzitě, uvedl: „Abychom se dostali do této fáze, naši studenti a absolventi čelili konkurenci ze strany vrstevníků, kteří navštěvují některé z nejlepších světových univerzit.","Profesor Blair Grubb, univerzitní zástupce ředitele pro vzdělávání, uvedl: „Abychom se dostali až do této fáze, museli naši studenti a absolventi čelit konkurenci svých vrstevníků, kteří studují na nejlepších světových univerzitách.","['Profesor', 'Blair', 'Grubb,', 'zástupce', 'ředitele', 'pro', 'vzdělávání', 'na', 'univerzitě,', 'uvedl:', '„Abychom', 'se', 'dostali', 'do', 'této', 'fáze,', 'naši', 'studenti', 'a', 'absolventi', 'čelili', 'konkurenci', 'ze', 'strany', 'vrstevníků,', 'kteří', 'navštěvují', 'některé', 'z', 'nejlepších', 'světových', 'univerzit.']","[(0, 8), (8, 14), (14, 21), (21, 30), (30, 39), (39, 43), (43, 54), (54, 57), (57, 69), (69, 76), (76, 85), (85, 88), (88, 96), (96, 99), (99, 104), (104, 110), (110, 115), (115, 124), (124, 126), (126, 137), (137, 144), (144, 155), (155, 158), (158, 165), (165, 177), (177, 183), (183, 194), (194, 202), (202, 204), (204, 215), (215, 225), (225, 236)]","['Profesor', 'Blair', 'Grubb,', 'univerzitní', 'zástupce', 'ředitele', 'pro', 'vzdělávání,', 'uvedl:', '„Abychom', 'se', 'dostali', 'až', 'do', 'této', 'fáze,', 'museli', 'naši', 'studenti', 'a', 'absolventi', 'čelit', 'konkurenci', 'svých', 'vrstevníků,', 'kteří', 'studují', 'na', 'nejlepších', 'světových', 'univerzitách.']","[(0, 8), (8, 14), (14, 21), (21, 33), (33, 42), (42, 51), (51, 55), (55, 67), (67, 74), (74, 83), (83, 86), (86, 94), (94, 97), (97, 100), (100, 105), (105, 111), (111, 118), (118, 123), (123, 132), (132, 134), (134, 145), (145, 151), (151, 162), (162, 168), (168, 180), (180, 186), (186, 194), (194, 197), (197, 208), (208, 218), (218, 232)]"
6,6,7,"""The Undergraduate Awards are fiercely contested by thousands of students around the world and it is a great reflection of the quality of our students, and the education they receive here, that Dundee is so strongly represented amongst the prize winners.","„Ceny bakalářského studia jsou ostře zpochybňovány tisíci studenty po celém světě a je to velká reflexe kvality našich studentů a vzdělání, které zde získávají, že Dundee je tak silně zastoupen mezi výherci cen.","„O ocenění za vysokoškolská studia velmi usilují tisíce studentů z celého světa a to, že Univerzita Dundee je tak výrazně zastoupena mezi výherci, odráží vysokou kvalitu našich studentů a vzdělání, které zde získávají.","['„Ceny', 'bakalářského', 'studia', 'jsou', 'ostře', 'zpochybňovány', 'tisíci', 'studenty', 'po', 'celém', 'světě', 'a', 'je', 'to', 'velká', 'reflexe', 'kvality', 'našich', 'studentů', 'a', 'vzdělání,', 'které', 'zde', 'získávají,', 'že', 'Dundee', 'je', 'tak', 'silně', 'zastoupen', 'mezi', 'výherci', 'cen.']","[(0, 5), (5, 18), (18, 25), (25, 30), (30, 36), (36, 50), (50, 57), (57, 66), (66, 69), (69, 75), (75, 81), (81, 83), (83, 86), (86, 89), (89, 95), (95, 103), (103, 111), (111, 118), (118, 127), (127, 129), (129, 139), (139, 145), (145, 149), (149, 160), (160, 163), (163, 170), (170, 173), (173, 177), (177, 183), (183, 193), (193, 198), (198, 206), (206, 211)]","['„O', 'ocenění', 'za', 'vysokoškolská', 'studia', 'velmi', 'usilují', 'tisíce', 'studentů', 'z', 'celého', 'světa', 'a', 'to,', 'že', 'Univerzita', 'Dundee', 'je', 'tak', 'výrazně', 'zastoupena', 'mezi', 'výherci,', 'odráží', 'vysokou', 'kvalitu', 'našich', 'studentů', 'a', 'vzdělání,', 'které', 'zde', 'získávají.']","[(0, 2), (2, 10), (10, 13), (13, 27), (27, 34), (34, 40), (40, 48), (48, 55), (55, 64), (64, 66), (66, 73), (73, 79), (79, 81), (81, 85), (85, 88), (88, 99), (99, 106), (106, 109), (109, 113), (113, 121), (121, 132), (132, 137), (137, 146), (146, 153), (153, 161), (161, 169), (169, 176), (176, 185), (185, 187), (187, 197), (197, 203), (203, 207), (207, 218)]"
6,6,8,"""I would like to offer my warmest congratulations to Scott, Chester and Lola on this fantastic achievement, alongside the other Dundee representatives who were highly commended.""","""Chtěl bych poděkovat svým nejteplejším gratulacím Scottovi, Chesterovi a Lolovi k tomuto fantastickému úspěchu spolu s dalšími zástupci Dundee, kteří byli velmi oceněni.""","„Chtěl bych poděkovat a srdečně pogratulovat Scottovi, Chesterovi a Lole k tomuto fantastickému úspěchu i dalším reprezentantům Univerzity Dundee, kteří byli tak vysoce oceněni.“","['""Chtěl', 'bych', 'poděkovat', 'svým', 'nejteplejším', 'gratulacím', 'Scottovi,', 'Chesterovi', 'a', 'Lolovi', 'k', 'tomuto', 'fantastickému', 'úspěchu', 'spolu', 's', 'dalšími', 'zástupci', 'Dundee,', 'kteří', 'byli', 'velmi', 'oceněni.""']","[(0, 6), (6, 11), (11, 21), (21, 26), (26, 39), (39, 50), (50, 60), (60, 71), (71, 73), (73, 80), (80, 82), (82, 89), (89, 103), (103, 111), (111, 117), (117, 119), (119, 127), (127, 136), (136, 144), (144, 150), (150, 155), (155, 161), (161, 171)]","['„Chtěl', 'bych', 'poděkovat', 'a', 'srdečně', 'pogratulovat', 'Scottovi,', 'Chesterovi', 'a', 'Lole', 'k', 'tomuto', 'fantastickému', 'úspěchu', 'i', 'dalším', 'reprezentantům', 'Univerzity', 'Dundee,', 'kteří', 'byli', 'tak', 'vysoce', 'oceněni.“']","[(0, 6), (6, 11), (11, 21), (21, 23), (23, 31), (31, 44), (44, 54), (54, 65), (65, 67), (67, 72), (72, 74), (74, 81), (81, 95), (95, 103), (103, 105), (105, 112), (112, 127), (127, 138), (138, 146), (146, 152), (152, 157), (157, 161), (161, 168), (168, 178)]"
7,7,1,LNG investments hit record in 2019 & the biggest growth is coming from China,Investice LNG dosáhly rekordních výsledků v roce 2019 a největší růst pochází z Číny,Investice do LNG dosáhly v roce 2019 rekordního výsledku a největší nárůst pochází z Číny,"['Investice', 'LNG', 'dosáhly', 'rekordních', 'výsledků', 'v', 'roce', '2019', 'a', 'největší', 'růst', 'pochází', 'z', 'Číny']","[(0, 9), (9, 13), (13, 21), (21, 32), (32, 41), (41, 43), (43, 48), (48, 53), (53, 55), (55, 64), (64, 69), (69, 77), (77, 79), (79, 84)]","['Investice', 'do', 'LNG', 'dosáhly', 'v', 'roce', '2019', 'rekordního', 'výsledku', 'a', 'největší', 'nárůst', 'pochází', 'z', 'Číny']","[(0, 9), (9, 12), (12, 16), (16, 24), (24, 26), (26, 31), (31, 36), (36, 47), (47, 56), (56, 58), (58, 67), (67, 74), (74, 82), (82, 84), (84, 89)]"
7,7,2,"Investments in liquefied natural gas since the start of the year have hit an all-time high of $50 billion, the International Energy Agency's head, Fatih Birol, told an industry conference.","Investice do zkapalněného zemního plynu od začátku roku dosáhly rekordně vysokých 50 miliard dolarů, uvedl ředitel Mezinárodní energetické agentury Fatih Birol na průmyslové konferenci.","Investice do zkapalněného zemního plynu (LNG) od začátku roku dosáhly rekordních 50 miliard dolarů, uvedl ředitel Mezinárodní energetické agentury Fatih Birol na průmyslové konferenci.","['Investice', 'do', 'zkapalněného', 'zemního', 'plynu', 'od', 'začátku', 'roku', 'dosáhly', 'rekordně', 'vysokých', '50', 'miliard', 'dolarů,', 'uvedl', 'ředitel', 'Mezinárodní', 'energetické', 'agentury', 'Fatih', 'Birol', 'na', 'průmyslové', 'konferenci.']","[(0, 9), (9, 12), (12, 25), (25, 33), (33, 39), (39, 42), (42, 50), (50, 55), (55, 63), (63, 72), (72, 81), (81, 84), (84, 92), (92, 100), (100, 106), (106, 114), (114, 126), (126, 138), (138, 147), (147, 153), (153, 159), (159, 162), (162, 173), (173, 185)]","['Investice', 'do', 'zkapalněného', 'zemního', 'plynu', '(LNG)', 'od', 'začátku', 'roku', 'dosáhly', 'rekordních', '50', 'miliard', 'dolarů,', 'uvedl', 'ředitel', 'Mezinárodní', 'energetické', 'agentury', 'Fatih', 'Birol', 'na', 'průmyslové', 'konferenci.']","[(0, 9), (9, 12), (12, 25), (25, 33), (33, 39), (39, 45), (45, 48), (48, 56), (56, 61), (61, 69), (69, 80), (80, 83), (83, 91), (91, 99), (99, 105), (105, 113), (113, 125), (125, 137), (137, 146), (146, 152), (152, 158), (158, 161), (161, 172), (172, 184)]"
7,7,3,"""This year, 2019 already broke the highest amount of (final investment decisions) for the first time ever, $50 billion,"" Birol told the LNG Producer-Consumer conference in Tokyo, as quoted by Reuters.","„Letos 2019 poprvé zlomil nejvyšší částku (konečná investiční rozhodnutí) poprvé, 50 miliard dolarů,“ řekl Birol na konferenci producentů a spotřebitelů LNG v Tokiu, jak uvedla agentura Reuters.","„Letošní rok (2019) překonal nejvyšší částku (konečných investičních rozhodnutí) vůbec poprvé, 50 miliard dolarů,“ řekl Birol na konferenci Producent-spotřebitel v Tokiu, jak uvedla agentura Reuters.","['„Letos', '2019', 'poprvé', 'zlomil', 'nejvyšší', 'částku', '(konečná', 'investiční', 'rozhodnutí)', 'poprvé,', '50', 'miliard', 'dolarů,“', 'řekl', 'Birol', 'na', 'konferenci', 'producentů', 'a', 'spotřebitelů', 'LNG', 'v', 'Tokiu,', 'jak', 'uvedla', 'agentura', 'Reuters.']","[(0, 6), (6, 11), (11, 18), (18, 25), (25, 34), (34, 41), (41, 50), (50, 61), (61, 73), (73, 81), (81, 84), (84, 92), (92, 101), (101, 106), (106, 112), (112, 115), (115, 126), (126, 137), (137, 139), (139, 152), (152, 156), (156, 158), (158, 165), (165, 169), (169, 176), (176, 185), (185, 194)]","['„Letošní', 'rok', '(2019)', 'překonal', 'nejvyšší', 'částku', '(konečných', 'investičních', 'rozhodnutí)', 'vůbec', 'poprvé,', '50', 'miliard', 'dolarů,“', 'řekl', 'Birol', 'na', 'konferenci', 'Producent-spotřebitel', 'v', 'Tokiu,', 'jak', 'uvedla', 'agentura', 'Reuters.']","[(0, 8), (8, 12), (12, 19), (19, 28), (28, 37), (37, 44), (44, 55), (55, 68), (68, 80), (80, 86), (86, 94), (94, 97), (97, 105), (105, 114), (114, 119), (119, 125), (125, 128), (128, 139), (139, 161), (161, 163), (163, 170), (170, 174), (174, 181), (181, 190), (190, 199)]"
7,7,4,"Unsurprisingly, the driver of this growth in investments is growing demand for the fuel in Asia, with China still expected to overtake Japan as the world's top importer of LNG.","Není překvapením, že hnací silou tohoto růstu investic je rostoucí poptávka po palivu v Asii, přičemž Čína stále očekává, že předběhne Japonsko jako světový špičkový dovozce LNG.","Není divu, že hnací silou tohoto růstu investic je stoupající poptávka po palivu v Asii, přičemž Čína stále očekává, že předběhne Japonsko jako prvotřídní světový dovozce LNG.","['Není', 'překvapením,', 'že', 'hnací', 'silou', 'tohoto', 'růstu', 'investic', 'je', 'rostoucí', 'poptávka', 'po', 'palivu', 'v', 'Asii,', 'přičemž', 'Čína', 'stále', 'očekává,', 'že', 'předběhne', 'Japonsko', 'jako', 'světový', 'špičkový', 'dovozce', 'LNG.']","[(0, 4), (4, 17), (17, 20), (20, 26), (26, 32), (32, 39), (39, 45), (45, 54), (54, 57), (57, 66), (66, 75), (75, 78), (78, 85), (85, 87), (87, 93), (93, 101), (101, 106), (106, 112), (112, 121), (121, 124), (124, 134), (134, 143), (143, 148), (148, 156), (156, 165), (165, 173), (173, 178)]","['Není', 'divu,', 'že', 'hnací', 'silou', 'tohoto', 'růstu', 'investic', 'je', 'stoupající', 'poptávka', 'po', 'palivu', 'v', 'Asii,', 'přičemž', 'Čína', 'stále', 'očekává,', 'že', 'předběhne', 'Japonsko', 'jako', 'prvotřídní', 'světový', 'dovozce', 'LNG.']","[(0, 4), (4, 10), (10, 13), (13, 19), (19, 25), (25, 32), (32, 38), (38, 47), (47, 50), (50, 61), (61, 70), (70, 73), (73, 80), (80, 82), (82, 88), (88, 96), (96, 101), (101, 107), (107, 116), (116, 119), (119, 129), (129, 138), (138, 143), (143, 154), (154, 162), (162, 170), (170, 175)]"
7,7,5,"""The biggest growth is coming from China. In the next five years, about one-third of global LNG demand will come from China alone,"" Birol said. He added that in five years, China will become the largest importer of the fuel.","""Největší růst přichází z Číny. V příštích pěti letech přijde asi jedna třetina celosvětové poptávky po LNG pouze z Číny,"" uvedla Birol. Dodal, že za pět let se Čína stane největším dovozcem paliva.","„Největší nárůst přichází z Číny. V příštích pěti letech bude asi jedna třetina celosvětové poptávky po LNG pocházet pouze z Číny,“ uvedl Birol. Dodal, že během pěti let se Čína stane největším dovozcem paliva.","['""Největší', 'růst', 'přichází', 'z', 'Číny.', 'V', 'příštích', 'pěti', 'letech', 'přijde', 'asi', 'jedna', 'třetina', 'celosvětové', 'poptávky', 'po', 'LNG', 'pouze', 'z', 'Číny,""', 'uvedla', 'Birol.', 'Dodal,', 'že', 'za', 'pět', 'let', 'se', 'Čína', 'stane', 'největším', 'dovozcem', 'paliva.']","[(0, 9), (9, 14), (14, 23), (23, 25), (25, 31), (31, 33), (33, 42), (42, 47), (47, 54), (54, 61), (61, 65), (65, 71), (71, 79), (79, 91), (91, 100), (100, 103), (103, 107), (107, 113), (113, 115), (115, 122), (122, 129), (129, 136), (136, 143), (143, 146), (146, 149), (149, 153), (153, 157), (157, 160), (160, 165), (165, 171), (171, 181), (181, 190), (190, 198)]","['„Největší', 'nárůst', 'přichází', 'z', 'Číny.', 'V', 'příštích', 'pěti', 'letech', 'bude', 'asi', 'jedna', 'třetina', 'celosvětové', 'poptávky', 'po', 'LNG', 'pocházet', 'pouze', 'z', 'Číny,“', 'uvedl', 'Birol.', 'Dodal,', 'že', 'během', 'pěti', 'let', 'se', 'Čína', 'stane', 'největším', 'dovozcem', 'paliva.']","[(0, 9), (9, 16), (16, 25), (25, 27), (27, 33), (33, 35), (35, 44), (44, 49), (49, 56), (56, 61), (61, 65), (65, 71), (71, 79), (79, 91), (91, 100), (100, 103), (103, 107), (107, 116), (116, 122), (122, 124), (124, 131), (131, 137), (137, 144), (144, 151), (151, 154), (154, 160), (160, 165), (165, 169), (169, 172), (172, 177), (177, 183), (183, 193), (193, 202), (202, 210)]"
7,7,6,"As for the growth in investments, there are no surprises there, either. The bulk of these has been made in the United States and Canada.","Pokud jde o růst investic, neexistují ani žádná překvapení. Většina z nich byla vyrobena ve Spojených státech a Kanadě.","Pokud jde o růst investic, ani tato oblast nepřinesla nic neočekávaného. K většině z nich došlo ve Spojených státech a Kanadě.","['Pokud', 'jde', 'o', 'růst', 'investic,', 'neexistují', 'ani', 'žádná', 'překvapení.', 'Většina', 'z', 'nich', 'byla', 'vyrobena', 've', 'Spojených', 'státech', 'a', 'Kanadě.']","[(0, 5), (5, 9), (9, 11), (11, 16), (16, 26), (26, 37), (37, 41), (41, 47), (47, 59), (59, 67), (67, 69), (69, 74), (74, 79), (79, 88), (88, 91), (91, 101), (101, 109), (109, 111), (111, 119)]","['Pokud', 'jde', 'o', 'růst', 'investic,', 'ani', 'tato', 'oblast', 'nepřinesla', 'nic', 'neočekávaného.', 'K', 'většině', 'z', 'nich', 'došlo', 've', 'Spojených', 'státech', 'a', 'Kanadě.']","[(0, 5), (5, 9), (9, 11), (11, 16), (16, 26), (26, 30), (30, 35), (35, 42), (42, 53), (53, 57), (57, 72), (72, 74), (74, 82), (82, 84), (84, 89), (89, 95), (95, 98), (98, 108), (108, 116), (116, 118), (118, 126)]"
7,7,7,"In a December 2018 report the Energy Information Administration said it expected the United States"" LNG export capacity to double by the end of this year to 8.9 billion cu ft daily. This will make the US the third-largest exporter of LNG in terms of capacity after Qatar and Australia. By 2030, US LNG exports are estimated to reach 17 billion cu ft daily, from some 3 billion cu ft at the start of 2019.","Ve zprávě z prosince 2018 Správa energetických informací uvedla, že očekává, že se exportní kapacita LNG ve Spojených státech do konce letošního roku zdvojnásobí na 8,9 miliard cu ft denně. Díky tomu bude USA z hlediska kapacity třetím největším vývozcem LNG. po Kataru a Austrálii. Odhaduje se, že do roku 2030 bude vývoz LNG v USA dosahovat 17 miliard cu ft denně, z přibližně 3 miliard cu ft na začátku roku 2019.","Ve zprávě z prosince 2018 Správa energetických informací uvedla, že očekává zdvojnásobení exportní kapacity LNG ve Spojených státech do konce letošního roku na 8,9 miliardy kubických stop denně. Díky tomu budou USA z hlediska kapacity třetím největším vývozcem LNG po Kataru a Austrálii. Odhaduje se, že do roku 2030 bude vývoz LNG v USA dosahovat 17 miliard kubických stop denně, ze současných 3 miliard kubických stop na začátku roku 2019.","['Ve', 'zprávě', 'z', 'prosince', '2018', 'Správa', 'energetických', 'informací', 'uvedla,', 'že', 'očekává,', 'že', 'se', 'exportní', 'kapacita', 'LNG', 've', 'Spojených', 'státech', 'do', 'konce', 'letošního', 'roku', 'zdvojnásobí', 'na', '8,9', 'miliard', 'cu', 'ft', 'denně.', 'Díky', 'tomu', 'bude', 'USA', 'z', 'hlediska', 'kapacity', 'třetím', 'největším', 'vývozcem', 'LNG.', 'po', 'Kataru', 'a', 'Austrálii.', 'Odhaduje', 'se,', 'že', 'do', 'roku', '2030', 'bude', 'vývoz', 'LNG', 'v', 'USA', 'dosahovat', '17', 'miliard', 'cu', 'ft', 'denně,', 'z', 'přibližně', '3', 'miliard', 'cu', 'ft', 'na', 'začátku', 'roku', '2019.']","[(0, 2), (2, 9), (9, 11), (11, 20), (20, 25), (25, 32), (32, 46), (46, 56), (56, 64), (64, 67), (67, 76), (76, 79), (79, 82), (82, 91), (91, 100), (100, 104), (104, 107), (107, 117), (117, 125), (125, 128), (128, 134), (134, 144), (144, 149), (149, 161), (161, 164), (164, 168), (168, 176), (176, 179), (179, 182), (182, 189), (189, 194), (194, 199), (199, 204), (204, 208), (208, 210), (210, 219), (219, 228), (228, 235), (235, 245), (245, 254), (254, 259), (259, 262), (262, 269), (269, 271), (271, 282), (282, 291), (291, 295), (295, 298), (298, 301), (301, 306), (306, 311), (311, 316), (316, 322), (322, 326), (326, 328), (328, 332), (332, 342), (342, 345), (345, 353), (353, 356), (356, 359), (359, 366), (366, 368), (368, 378), (378, 380), (380, 388), (388, 391), (391, 394), (394, 397), (397, 405), (405, 410), (410, 416)]","['Ve', 'zprávě', 'z', 'prosince', '2018', 'Správa', 'energetických', 'informací', 'uvedla,', 'že', 'očekává', 'zdvojnásobení', 'exportní', 'kapacity', 'LNG', 've', 'Spojených', 'státech', 'do', 'konce', 'letošního', 'roku', 'na', '8,9', 'miliardy', 'kubických', 'stop', 'denně.', 'Díky', 'tomu', 'budou', 'USA', 'z', 'hlediska', 'kapacity', 'třetím', 'největším', 'vývozcem', 'LNG', 'po', 'Kataru', 'a', 'Austrálii.', 'Odhaduje', 'se,', 'že', 'do', 'roku', '2030', 'bude', 'vývoz', 'LNG', 'v', 'USA', 'dosahovat', '17', 'miliard', 'kubických', 'stop', 'denně,', 'ze', 'současných', '3', 'miliard', 'kubických', 'stop', 'na', 'začátku', 'roku', '2019.']","[(0, 2), (2, 9), (9, 11), (11, 20), (20, 25), (25, 32), (32, 46), (46, 56), (56, 64), (64, 67), (67, 75), (75, 89), (89, 98), (98, 107), (107, 111), (111, 114), (114, 124), (124, 132), (132, 135), (135, 141), (141, 151), (151, 156), (156, 159), (159, 163), (163, 172), (172, 182), (182, 187), (187, 194), (194, 199), (199, 204), (204, 210), (210, 214), (214, 216), (216, 225), (225, 234), (234, 241), (241, 251), (251, 260), (260, 264), (264, 267), (267, 274), (274, 276), (276, 287), (287, 296), (296, 300), (300, 303), (303, 306), (306, 311), (311, 316), (316, 321), (321, 327), (327, 331), (331, 333), (333, 337), (337, 347), (347, 350), (350, 358), (358, 368), (368, 373), (373, 380), (380, 383), (383, 394), (394, 396), (396, 404), (404, 414), (414, 419), (419, 422), (422, 430), (430, 435), (435, 441)]"
7,7,8,"In Canada, there is just one LNG project under development right now - LNG Canada - but it could have a final capacity of 28 million tons of the fuel annually. The US$31-billion project is led by Shell, with minority participants including Petronas, PetroChina, Mitsubishi, and Kogas.","V Kanadě se právě vyvíjí pouze jeden projekt LNG - LNG Kanada - ale může mít konečnou kapacitu 28 milionů tun paliva ročně. Projekt v hodnotě 31 miliard USD je veden společností Shell s účastníky menšin včetně Petronas, PetroChina, Mitsubishi a Kogas.","V Kanadě se momentálně vyvíjí pouze jeden projekt LNG – LNG Kanada – ale konečná kapacita může být až 28 milionů tun paliva ročně. Projekt v hodnotě 31 miliard USD řídí společnost Shell za účasti menších podniků, jako jsou Petronas, PetroChina, Mitsubishi a Kogas.","['V', 'Kanadě', 'se', 'právě', 'vyvíjí', 'pouze', 'jeden', 'projekt', 'LNG', '-', 'LNG', 'Kanada', '-', 'ale', 'může', 'mít', 'konečnou', 'kapacitu', '28', 'milionů', 'tun', 'paliva', 'ročně.', 'Projekt', 'v', 'hodnotě', '31', 'miliard', 'USD', 'je', 'veden', 'společností', 'Shell', 's', 'účastníky', 'menšin', 'včetně', 'Petronas,', 'PetroChina,', 'Mitsubishi', 'a', 'Kogas.']","[(0, 1), (1, 8), (8, 11), (11, 17), (17, 24), (24, 30), (30, 36), (36, 44), (44, 48), (48, 50), (50, 54), (54, 61), (61, 63), (63, 67), (67, 72), (72, 76), (76, 85), (85, 94), (94, 97), (97, 105), (105, 109), (109, 116), (116, 123), (123, 131), (131, 133), (133, 141), (141, 144), (144, 152), (152, 156), (156, 159), (159, 165), (165, 177), (177, 183), (183, 185), (185, 195), (195, 202), (202, 209), (209, 219), (219, 231), (231, 242), (242, 244), (244, 251)]","['V', 'Kanadě', 'se', 'momentálně', 'vyvíjí', 'pouze', 'jeden', 'projekt', 'LNG', '–', 'LNG', 'Kanada', '–', 'ale', 'konečná', 'kapacita', 'může', 'být', 'až', '28', 'milionů', 'tun', 'paliva', 'ročně.', 'Projekt', 'v', 'hodnotě', '31', 'miliard', 'USD', 'řídí', 'společnost', 'Shell', 'za', 'účasti', 'menších', 'podniků,', 'jako', 'jsou', 'Petronas,', 'PetroChina,', 'Mitsubishi', 'a', 'Kogas.']","[(0, 1), (1, 8), (8, 11), (11, 22), (22, 29), (29, 35), (35, 41), (41, 49), (49, 53), (53, 55), (55, 59), (59, 66), (66, 68), (68, 72), (72, 80), (80, 89), (89, 94), (94, 98), (98, 101), (101, 104), (104, 112), (112, 116), (116, 123), (123, 130), (130, 138), (138, 140), (140, 148), (148, 151), (151, 159), (159, 163), (163, 168), (168, 179), (179, 185), (185, 188), (188, 195), (195, 203), (203, 212), (212, 217), (217, 222), (222, 232), (232, 244), (244, 255), (255, 257), (257, 264)]"
13,13,1,Jonathan Van Ness Just Hung Out With Nancy Pelosi And They've Got A Plan,Jonathan Van Ness právě vyrazil s Nancy Pelosi a dostali plán,"Jonathan Van Ness se setkal s Nancy Pelosiovou, mají plán","['Jonathan', 'Van', 'Ness', 'právě', 'vyrazil', 's', 'Nancy', 'Pelosi', 'a', 'dostali', 'plán']","[(0, 8), (8, 12), (12, 17), (17, 23), (23, 31), (31, 33), (33, 39), (39, 46), (46, 48), (48, 56), (56, 61)]","['Jonathan', 'Van', 'Ness', 'se', 'setkal', 's', 'Nancy', 'Pelosiovou,', 'mají', 'plán']","[(0, 8), (8, 12), (12, 17), (17, 20), (20, 27), (27, 29), (29, 35), (35, 47), (47, 52), (52, 57)]"
13,13,2,"""Queer Eye"" star Jonathan Van Ness strutted his stuff on Capitol Hill on Thursday, joining forces with House Speaker Nancy Pelosi (D-Calif.) to discuss the Equality Act.","Hvězda „Queer Eye“ Jonathan Van Ness ve čtvrtek natáhla své věci na Capitol Hill a spojila své síly s House Speaker Nancy Pelosi (D-Calif.), Aby diskutovala o zákonu o rovnosti.","Hvězda televizního programu „Queer Eye“ Jonathan Van Ness ve čtvrtek přišel se svými věcmi na Capitol Hill a sešel se s předsedkyní Sněmovny reprezentantů Nancy Pelosiovou (dep.Kalif.), aby společně projednali zákon o rovnosti.","['Hvězda', '„Queer', 'Eye“', 'Jonathan', 'Van', 'Ness', 've', 'čtvrtek', 'natáhla', 'své', 'věci', 'na', 'Capitol', 'Hill', 'a', 'spojila', 'své', 'síly', 's', 'House', 'Speaker', 'Nancy', 'Pelosi', '(D-Calif.),', 'Aby', 'diskutovala', 'o', 'zákonu', 'o', 'rovnosti.']","[(0, 6), (6, 13), (13, 18), (18, 27), (27, 31), (31, 36), (36, 39), (39, 47), (47, 55), (55, 59), (59, 64), (64, 67), (67, 75), (75, 80), (80, 82), (82, 90), (90, 94), (94, 99), (99, 101), (101, 107), (107, 115), (115, 121), (121, 128), (128, 140), (140, 144), (144, 156), (156, 158), (158, 165), (165, 167), (167, 177)]","['Hvězda', 'televizního', 'programu', '„Queer', 'Eye“', 'Jonathan', 'Van', 'Ness', 've', 'čtvrtek', 'přišel', 'se', 'svými', 'věcmi', 'na', 'Capitol', 'Hill', 'a', 'sešel', 'se', 's', 'předsedkyní', 'Sněmovny', 'reprezentantů', 'Nancy', 'Pelosiovou', '(dep.Kalif.),', 'aby', 'společně', 'projednali', 'zákon', 'o', 'rovnosti.']","[(0, 6), (6, 18), (18, 27), (27, 34), (34, 39), (39, 48), (48, 52), (52, 57), (57, 60), (60, 68), (68, 75), (75, 78), (78, 84), (84, 90), (90, 93), (93, 101), (101, 106), (106, 108), (108, 114), (114, 117), (117, 119), (119, 131), (131, 140), (140, 154), (154, 160), (160, 171), (171, 185), (185, 189), (189, 198), (198, 209), (209, 215), (215, 217), (217, 227)]"
13,13,3,"The Equality Act would extend nondiscrimination protections to LGBTQ individuals in credit, education, employment, housing, federal financial assistance, jury service and public accommodations.","Zákon o rovnosti by rozšířil nediskriminační ochranu na osoby LGBTQ v oblasti úvěrů, vzdělávání, zaměstnání, bydlení, federální finanční pomoci, poroty a veřejného ubytování.","Zákon o rovnosti by rozšířil ochranu proti diskriminaci pro osoby s menšinovým sexuálním zaměřením v oblasti úvěrů, vzdělávání, zaměstnání, bydlení, federální finanční pomoci, soudnictví a veřejného ubytování.","['Zákon', 'o', 'rovnosti', 'by', 'rozšířil', 'nediskriminační', 'ochranu', 'na', 'osoby', 'LGBTQ', 'v', 'oblasti', 'úvěrů,', 'vzdělávání,', 'zaměstnání,', 'bydlení,', 'federální', 'finanční', 'pomoci,', 'poroty', 'a', 'veřejného', 'ubytování.']","[(0, 5), (5, 7), (7, 16), (16, 19), (19, 28), (28, 44), (44, 52), (52, 55), (55, 61), (61, 67), (67, 69), (69, 77), (77, 84), (84, 96), (96, 108), (108, 117), (117, 127), (127, 136), (136, 144), (144, 151), (151, 153), (153, 163), (163, 174)]","['Zákon', 'o', 'rovnosti', 'by', 'rozšířil', 'ochranu', 'proti', 'diskriminaci', 'pro', 'osoby', 's', 'menšinovým', 'sexuálním', 'zaměřením', 'v', 'oblasti', 'úvěrů,', 'vzdělávání,', 'zaměstnání,', 'bydlení,', 'federální', 'finanční', 'pomoci,', 'soudnictví', 'a', 'veřejného', 'ubytování.']","[(0, 5), (5, 7), (7, 16), (16, 19), (19, 28), (28, 36), (36, 42), (42, 55), (55, 59), (59, 65), (65, 67), (67, 78), (78, 88), (88, 98), (98, 100), (100, 108), (108, 115), (115, 127), (127, 139), (139, 148), (148, 158), (158, 167), (167, 175), (175, 186), (186, 188), (188, 198), (198, 209)]"
13,13,4,The bill would amend the Civil Rights Act of 1964 to include sexual orientation and gender identity to the list of already protected classes.,"Návrh zákona by změnil zákon o občanských právech z roku 1964 tak, aby zahrnoval sexuální orientaci a genderovou identitu do seznamu již chráněných tříd.","Návrh zákona by pozměnil původní zákon o občanských právech z roku 1964 v tom smyslu, že by zahrnoval také sexuální orientaci a genderovou identitu do seznamu již chráněných kategorií.","['Návrh', 'zákona', 'by', 'změnil', 'zákon', 'o', 'občanských', 'právech', 'z', 'roku', '1964', 'tak,', 'aby', 'zahrnoval', 'sexuální', 'orientaci', 'a', 'genderovou', 'identitu', 'do', 'seznamu', 'již', 'chráněných', 'tříd.']","[(0, 5), (5, 12), (12, 15), (15, 22), (22, 28), (28, 30), (30, 41), (41, 49), (49, 51), (51, 56), (56, 61), (61, 66), (66, 70), (70, 80), (80, 89), (89, 99), (99, 101), (101, 112), (112, 121), (121, 124), (124, 132), (132, 136), (136, 147), (147, 153)]","['Návrh', 'zákona', 'by', 'pozměnil', 'původní', 'zákon', 'o', 'občanských', 'právech', 'z', 'roku', '1964', 'v', 'tom', 'smyslu,', 'že', 'by', 'zahrnoval', 'také', 'sexuální', 'orientaci', 'a', 'genderovou', 'identitu', 'do', 'seznamu', 'již', 'chráněných', 'kategorií.']","[(0, 5), (5, 12), (12, 15), (15, 24), (24, 32), (32, 38), (38, 40), (40, 51), (51, 59), (59, 61), (61, 66), (66, 71), (71, 73), (73, 77), (77, 85), (85, 88), (88, 91), (91, 101), (101, 106), (106, 115), (115, 125), (125, 127), (127, 138), (138, 147), (147, 150), (150, 158), (158, 162), (162, 173), (173, 184)]"
13,13,5,"Van Ness, who recently publicly came out as HIV positive, first shared a video of himself cat-walking in the Capitol, explaining in his caption that he'd met with the House speaker to talk Equality Act, living with HIV and access to PrEP (an HIV preventative medication):","Van Ness, který nedávno veřejně vyšel jako HIV pozitivní, se nejprve podělil o video své kočky, která chodila v Capitolu, a ve svém titulku vysvětlil, že se setkal s mluvčím domu, aby mluvil o zákoně o rovnosti, žil s HIV a přístup k PrEP. (preventivní léky proti HIV):","Van Ness, který nedávno veřejně přiznal, že je HIV pozitivní, se nejprve podělil o video své kočky, jak chodí po Capitolu, kde v titulku vysvětlil, že se setkal s mluvčí Bílého domu, aby prodiskutovali zákon o rovnosti, život s HIV a přístup k PrEP (léky na prevenci proti HIV):","['Van', 'Ness,', 'který', 'nedávno', 'veřejně', 'vyšel', 'jako', 'HIV', 'pozitivní,', 'se', 'nejprve', 'podělil', 'o', 'video', 'své', 'kočky,', 'která', 'chodila', 'v', 'Capitolu,', 'a', 've', 'svém', 'titulku', 'vysvětlil,', 'že', 'se', 'setkal', 's', 'mluvčím', 'domu,', 'aby', 'mluvil', 'o', 'zákoně', 'o', 'rovnosti,', 'žil', 's', 'HIV', 'a', 'přístup', 'k', 'PrEP.', '(preventivní', 'léky', 'proti', 'HIV):']","[(0, 3), (3, 9), (9, 15), (15, 23), (23, 31), (31, 37), (37, 42), (42, 46), (46, 57), (57, 60), (60, 68), (68, 76), (76, 78), (78, 84), (84, 88), (88, 95), (95, 101), (101, 109), (109, 111), (111, 121), (121, 123), (123, 126), (126, 131), (131, 139), (139, 150), (150, 153), (153, 156), (156, 163), (163, 165), (165, 173), (173, 179), (179, 183), (183, 190), (190, 192), (192, 199), (199, 201), (201, 211), (211, 215), (215, 217), (217, 221), (221, 223), (223, 231), (231, 233), (233, 239), (239, 252), (252, 257), (257, 263), (263, 269)]","['Van', 'Ness,', 'který', 'nedávno', 'veřejně', 'přiznal,', 'že', 'je', 'HIV', 'pozitivní,', 'se', 'nejprve', 'podělil', 'o', 'video', 'své', 'kočky,', 'jak', 'chodí', 'po', 'Capitolu,', 'kde', 'v', 'titulku', 'vysvětlil,', 'že', 'se', 'setkal', 's', 'mluvčí', 'Bílého', 'domu,', 'aby', 'prodiskutovali', 'zákon', 'o', 'rovnosti,', 'život', 's', 'HIV', 'a', 'přístup', 'k', 'PrEP', '(léky', 'na', 'prevenci', 'proti', 'HIV):']","[(0, 3), (3, 9), (9, 15), (15, 23), (23, 31), (31, 40), (40, 43), (43, 46), (46, 50), (50, 61), (61, 64), (64, 72), (72, 80), (80, 82), (82, 88), (88, 92), (92, 99), (99, 103), (103, 109), (109, 112), (112, 122), (122, 126), (126, 128), (128, 136), (136, 147), (147, 150), (150, 153), (153, 160), (160, 162), (162, 169), (169, 176), (176, 182), (182, 186), (186, 201), (201, 207), (207, 209), (209, 219), (219, 225), (225, 227), (227, 231), (231, 233), (233, 241), (241, 243), (243, 248), (248, 254), (254, 257), (257, 266), (266, 272), (272, 278)]"
13,13,6,"He then shared a longer post picturing the two of them arm in arm, urging his followers to stand up to Senate Majority Leader Mitch McConnell (R-Ky.) and apply pressure to GOP senators to bring the Equality Act up for a Senate vote:","Poté sdílel delší post zobrazující obě z nich ruku v ruce a naléhavě vyzval své stoupence, aby se postavili před vůdce většiny Senátu Mitch McConnell (R-Ky.) A aby vyvíjeli tlak na senátory GOP, aby zákon o rovnoprávnosti postavili do senátního hlasování:","Poté sdílel delší příspěvek zobrazující oba, jak se drží za ruce, a naléhal na své stoupencey, aby se postavili před lídra většiny v senátu Mitche McConnella (Rep.-Ky.) a vyvinuli nátlak na senátory GOP, aby zákon o rovnosti prošel hlasováním v Senátu:","['Poté', 'sdílel', 'delší', 'post', 'zobrazující', 'obě', 'z', 'nich', 'ruku', 'v', 'ruce', 'a', 'naléhavě', 'vyzval', 'své', 'stoupence,', 'aby', 'se', 'postavili', 'před', 'vůdce', 'většiny', 'Senátu', 'Mitch', 'McConnell', '(R-Ky.)', 'A', 'aby', 'vyvíjeli', 'tlak', 'na', 'senátory', 'GOP,', 'aby', 'zákon', 'o', 'rovnoprávnosti', 'postavili', 'do', 'senátního', 'hlasování:']","[(0, 4), (4, 11), (11, 17), (17, 22), (22, 34), (34, 38), (38, 40), (40, 45), (45, 50), (50, 52), (52, 57), (57, 59), (59, 68), (68, 75), (75, 79), (79, 90), (90, 94), (94, 97), (97, 107), (107, 112), (112, 118), (118, 126), (126, 133), (133, 139), (139, 149), (149, 157), (157, 159), (159, 163), (163, 172), (172, 177), (177, 180), (180, 189), (189, 194), (194, 198), (198, 204), (204, 206), (206, 221), (221, 231), (231, 234), (234, 244), (244, 255)]","['Poté', 'sdílel', 'delší', 'příspěvek', 'zobrazující', 'oba,', 'jak', 'se', 'drží', 'za', 'ruce,', 'a', 'naléhal', 'na', 'své', 'stoupencey,', 'aby', 'se', 'postavili', 'před', 'lídra', 'většiny', 'v', 'senátu', 'Mitche', 'McConnella', '(Rep.-Ky.)', 'a', 'vyvinuli', 'nátlak', 'na', 'senátory', 'GOP,', 'aby', 'zákon', 'o', 'rovnosti', 'prošel', 'hlasováním', 'v', 'Senátu:']","[(0, 4), (4, 11), (11, 17), (17, 27), (27, 39), (39, 44), (44, 48), (48, 51), (51, 56), (56, 59), (59, 65), (65, 67), (67, 75), (75, 78), (78, 82), (82, 94), (94, 98), (98, 101), (101, 111), (111, 116), (116, 122), (122, 130), (130, 132), (132, 139), (139, 146), (146, 157), (157, 168), (168, 170), (170, 179), (179, 186), (186, 189), (189, 198), (198, 203), (203, 207), (207, 213), (213, 215), (215, 224), (224, 231), (231, 242), (242, 244), (244, 252)]"
13,13,7,Pelosi introduced the Equality Act on March 13. The House passed the legislation in May. It has not yet been brought to the Senate floor.,Pelosi zavedl zákon o rovnosti 13. března. Parlament přijal právní předpisy v květnu. Dosud nebyl přinesen do Senátu.,Pelosiová přednesla návrh zákona o rovnosti 13. března. Parlament zákon v květnu schválil. Dosud neprošel hlasováním v Senátu.,"['Pelosi', 'zavedl', 'zákon', 'o', 'rovnosti', '13.', 'března.', 'Parlament', 'přijal', 'právní', 'předpisy', 'v', 'květnu.', 'Dosud', 'nebyl', 'přinesen', 'do', 'Senátu.']","[(0, 6), (6, 13), (13, 19), (19, 21), (21, 30), (30, 34), (34, 42), (42, 52), (52, 59), (59, 66), (66, 75), (75, 77), (77, 85), (85, 91), (91, 97), (97, 106), (106, 109), (109, 117)]","['Pelosiová', 'přednesla', 'návrh', 'zákona', 'o', 'rovnosti', '13.', 'března.', 'Parlament', 'zákon', 'v', 'květnu', 'schválil.', 'Dosud', 'neprošel', 'hlasováním', 'v', 'Senátu.']","[(0, 9), (9, 19), (19, 25), (25, 32), (32, 34), (34, 43), (43, 47), (47, 55), (55, 65), (65, 71), (71, 73), (73, 80), (80, 90), (90, 96), (96, 105), (105, 116), (116, 118), (118, 126)]"
13,13,8,"In August, the Trump administration asked the Supreme Court to essentially legalize anti-gay discrimination in the workplace, arguing in an amicus brief that the federal laws on employer discrimination in the Civil Rights Act of 1964 were not intended to protect individuals from being fired based on their sexual orientation.","V srpnu požádala Trumpova správa Nejvyšší soud, aby v zásadě legalizoval anti-homosexuální diskriminaci na pracovišti, a ve zkratce amicus tvrdil, že federální zákony o diskriminaci zaměstnavatelů v zákoně o občanských právech z roku 1964 neměly za cíl chránit jednotlivce před propuštěním na jejich sexuální orientaci.","V srpnu požádala Trumpova administrativa Nejvyšší soud, aby de facto legalizoval diskriminaci gayů na pracovišti, přičemž formou amicus brief tvrdila, že federální zákony o diskriminaci zaměstnavatelů v zákoně o občanských právech z roku 1964 neměly za cíl chránit jednotlivce před propuštěním kvůli jejich sexuální orientaci.","['V', 'srpnu', 'požádala', 'Trumpova', 'správa', 'Nejvyšší', 'soud,', 'aby', 'v', 'zásadě', 'legalizoval', 'anti-homosexuální', 'diskriminaci', 'na', 'pracovišti,', 'a', 've', 'zkratce', 'amicus', 'tvrdil,', 'že', 'federální', 'zákony', 'o', 'diskriminaci', 'zaměstnavatelů', 'v', 'zákoně', 'o', 'občanských', 'právech', 'z', 'roku', '1964', 'neměly', 'za', 'cíl', 'chránit', 'jednotlivce', 'před', 'propuštěním', 'na', 'jejich', 'sexuální', 'orientaci.']","[(0, 1), (1, 7), (7, 16), (16, 25), (25, 32), (32, 41), (41, 47), (47, 51), (51, 53), (53, 60), (60, 72), (72, 90), (90, 103), (103, 106), (106, 118), (118, 120), (120, 123), (123, 131), (131, 138), (138, 146), (146, 149), (149, 159), (159, 166), (166, 168), (168, 181), (181, 196), (196, 198), (198, 205), (205, 207), (207, 218), (218, 226), (226, 228), (228, 233), (233, 238), (238, 245), (245, 248), (248, 252), (252, 260), (260, 272), (272, 277), (277, 289), (289, 292), (292, 299), (299, 308), (308, 319)]","['V', 'srpnu', 'požádala', 'Trumpova', 'administrativa', 'Nejvyšší', 'soud,', 'aby', 'de', 'facto', 'legalizoval', 'diskriminaci', 'gayů', 'na', 'pracovišti,', 'přičemž', 'formou', 'amicus', 'brief', 'tvrdila,', 'že', 'federální', 'zákony', 'o', 'diskriminaci', 'zaměstnavatelů', 'v', 'zákoně', 'o', 'občanských', 'právech', 'z', 'roku', '1964', 'neměly', 'za', 'cíl', 'chránit', 'jednotlivce', 'před', 'propuštěním', 'kvůli', 'jejich', 'sexuální', 'orientaci.']","[(0, 1), (1, 7), (7, 16), (16, 25), (25, 40), (40, 49), (49, 55), (55, 59), (59, 62), (62, 68), (68, 80), (80, 93), (93, 98), (98, 101), (101, 113), (113, 121), (121, 128), (128, 135), (135, 141), (141, 150), (150, 153), (153, 163), (163, 170), (170, 172), (172, 185), (185, 200), (200, 202), (202, 209), (209, 211), (211, 222), (222, 230), (230, 232), (232, 237), (237, 242), (242, 249), (249, 252), (252, 256), (256, 264), (264, 276), (276, 281), (281, 293), (293, 299), (299, 306), (306, 315), (315, 326)]"
17,17,1,"""China has always been dedicated to resolving territorial and maritime delimitation disputes through negotiation and consultation,"" stated an official white paper released, four days ahead of the country set to celebrate its 70th anniversary of the leadership of the ruling Communist Party of China (CPC) on October 1.","„Čína byla vždy odhodlána řešit spory o územní a námořní vymezení prostřednictvím vyjednávání a konzultací,“ uvedla oficiální bílá kniha, která byla zveřejněna čtyři dny před zemí, která měla oslavit 70. výročí vedení vládnoucí Komunistické strany Číny (CPC) ) 1. října.","„Čína se vždy snažila řešit spory o územní i námořní nároky prostřednictvím vyjednávání a konzultací,“ uvedlo oficiální prohlášení, které bylo zveřejněno čtyři dny před oslavou 70. výročí vlády Komunistické strany Číny (CPC) v zemi, které připadá na 1. října.","['„Čína', 'byla', 'vždy', 'odhodlána', 'řešit', 'spory', 'o', 'územní', 'a', 'námořní', 'vymezení', 'prostřednictvím', 'vyjednávání', 'a', 'konzultací,“', 'uvedla', 'oficiální', 'bílá', 'kniha,', 'která', 'byla', 'zveřejněna', 'čtyři', 'dny', 'před', 'zemí,', 'která', 'měla', 'oslavit', '70.', 'výročí', 'vedení', 'vládnoucí', 'Komunistické', 'strany', 'Číny', '(CPC)', ')', '1.', 'října.']","[(0, 5), (5, 10), (10, 15), (15, 25), (25, 31), (31, 37), (37, 39), (39, 46), (46, 48), (48, 56), (56, 65), (65, 81), (81, 93), (93, 95), (95, 108), (108, 115), (115, 125), (125, 130), (130, 137), (137, 143), (143, 148), (148, 159), (159, 165), (165, 169), (169, 174), (174, 180), (180, 186), (186, 191), (191, 199), (199, 203), (203, 210), (210, 217), (217, 227), (227, 240), (240, 247), (247, 252), (252, 258), (258, 260), (260, 263), (263, 270)]","['„Čína', 'se', 'vždy', 'snažila', 'řešit', 'spory', 'o', 'územní', 'i', 'námořní', 'nároky', 'prostřednictvím', 'vyjednávání', 'a', 'konzultací,“', 'uvedlo', 'oficiální', 'prohlášení,', 'které', 'bylo', 'zveřejněno', 'čtyři', 'dny', 'před', 'oslavou', '70.', 'výročí', 'vlády', 'Komunistické', 'strany', 'Číny', '(CPC)', 'v', 'zemi,', 'které', 'připadá', 'na', '1.', 'října.']","[(0, 5), (5, 8), (8, 13), (13, 21), (21, 27), (27, 33), (33, 35), (35, 42), (42, 44), (44, 52), (52, 59), (59, 75), (75, 87), (87, 89), (89, 102), (102, 109), (109, 119), (119, 131), (131, 137), (137, 142), (142, 153), (153, 159), (159, 163), (163, 168), (168, 176), (176, 180), (180, 187), (187, 193), (193, 206), (206, 213), (213, 218), (218, 224), (224, 226), (226, 232), (232, 238), (238, 246), (246, 249), (249, 252), (252, 259)]"
17,17,2,"""China safeguards world peace through real actions. Over the past 70 years, China has not provoked a single war or conflict, nor invaded a single square of foreign land,"" the paper titled ""China and the World in the New Era"" said.","""Čína chrání světový mír skutečnými činy. Za posledních 70 let Čína nevyvolala jedinou válku nebo konflikt ani nenapadla jediný čtverec cizí země,"" uvedl dokument s názvem ""Čína a svět v nové éře"".","„Čína chrání světový mír reálnými činy. Za posledních 70 let Čína nevyvolala jedinou válku nebo konflikt ani nenapadla jediný kousek cizí země,“ stojí v prohlášení s názvem „Čína a svět v nové době“.","['""Čína', 'chrání', 'světový', 'mír', 'skutečnými', 'činy.', 'Za', 'posledních', '70', 'let', 'Čína', 'nevyvolala', 'jedinou', 'válku', 'nebo', 'konflikt', 'ani', 'nenapadla', 'jediný', 'čtverec', 'cizí', 'země,""', 'uvedl', 'dokument', 's', 'názvem', '""Čína', 'a', 'svět', 'v', 'nové', 'éře"".']","[(0, 5), (5, 12), (12, 20), (20, 24), (24, 35), (35, 41), (41, 44), (44, 55), (55, 58), (58, 62), (62, 67), (67, 78), (78, 86), (86, 92), (92, 97), (97, 106), (106, 110), (110, 120), (120, 127), (127, 135), (135, 140), (140, 147), (147, 153), (153, 162), (162, 164), (164, 171), (171, 177), (177, 179), (179, 184), (184, 186), (186, 191), (191, 197)]","['„Čína', 'chrání', 'světový', 'mír', 'reálnými', 'činy.', 'Za', 'posledních', '70', 'let', 'Čína', 'nevyvolala', 'jedinou', 'válku', 'nebo', 'konflikt', 'ani', 'nenapadla', 'jediný', 'kousek', 'cizí', 'země,“', 'stojí', 'v', 'prohlášení', 's', 'názvem', '„Čína', 'a', 'svět', 'v', 'nové', 'době“.']","[(0, 5), (5, 12), (12, 20), (20, 24), (24, 33), (33, 39), (39, 42), (42, 53), (53, 56), (56, 60), (60, 65), (65, 76), (76, 84), (84, 90), (90, 95), (95, 104), (104, 108), (108, 118), (118, 125), (125, 132), (132, 137), (137, 144), (144, 150), (150, 152), (152, 163), (163, 165), (165, 172), (172, 178), (178, 180), (180, 185), (185, 187), (187, 192), (192, 199)]"
17,17,3,"The white paper, while highlighting the CPS's ""peaceful rise"" made no reference of the bloody 1962 war with India and the vast tracts of land, especially in the Aksai Chin area, occupied by China.","Dokument white paper, zatímco zdůrazňuje CPS je “mírový vzestup” dělal žádný odkaz na krvavou válku 1962 s Indií a obrovské plochy země, obzvláště v Aksai bradě obsazené Čínou.","Prohlášení, které zdůrazňuje „mírový vzestup“ CPS, se nijak nezmiňuje o krvavé válce z roku 1962 s Indií a o rozsáhlých oblastech, zejména v Aksai Čin, které Čína okupovala.","['Dokument', 'white', 'paper,', 'zatímco', 'zdůrazňuje', 'CPS', 'je', '“mírový', 'vzestup”', 'dělal', 'žádný', 'odkaz', 'na', 'krvavou', 'válku', '1962', 's', 'Indií', 'a', 'obrovské', 'plochy', 'země,', 'obzvláště', 'v', 'Aksai', 'bradě', 'obsazené', 'Čínou.']","[(0, 8), (8, 14), (14, 21), (21, 29), (29, 40), (40, 44), (44, 47), (47, 55), (55, 64), (64, 70), (70, 76), (76, 82), (82, 85), (85, 93), (93, 99), (99, 104), (104, 106), (106, 112), (112, 114), (114, 123), (123, 130), (130, 136), (136, 146), (146, 148), (148, 154), (154, 160), (160, 169), (169, 176)]","['Prohlášení,', 'které', 'zdůrazňuje', '„mírový', 'vzestup“', 'CPS,', 'se', 'nijak', 'nezmiňuje', 'o', 'krvavé', 'válce', 'z', 'roku', '1962', 's', 'Indií', 'a', 'o', 'rozsáhlých', 'oblastech,', 'zejména', 'v', 'Aksai', 'Čin,', 'které', 'Čína', 'okupovala.']","[(0, 11), (11, 17), (17, 28), (28, 36), (36, 45), (45, 50), (50, 53), (53, 59), (59, 69), (69, 71), (71, 78), (78, 84), (84, 86), (86, 91), (91, 96), (96, 98), (98, 104), (104, 106), (106, 108), (108, 119), (119, 130), (130, 138), (138, 140), (140, 146), (146, 151), (151, 157), (157, 162), (162, 173)]"
17,17,4,"The Sino-India border dispute involving 3,488-km-long Line of Actual Control (LAC) remained unresolved. China also claims Arunachal Pradesh as part of South Tibet, which India contests.","Hraniční spor mezi Čínou a Indií zahrnující 3 488 km dlouhou linii skutečné kontroly (LAC) zůstal nevyřešen. Čína také tvrdí, že Arunachal Pradesh je součástí jižního Tibetu, který Indie zpochybňuje.","Hraniční spor mezi Čínou a Indií týkající se 3 488 km dlouhé Linie aktuální kontroly (LAC) zůstal nevyřešený. Čína také tvrdí, že Arunáčalpradéš je součástí jižního Tibetu, což Indie zpochybňuje.","['Hraniční', 'spor', 'mezi', 'Čínou', 'a', 'Indií', 'zahrnující', '3', '488', 'km', 'dlouhou', 'linii', 'skutečné', 'kontroly', '(LAC)', 'zůstal', 'nevyřešen.', 'Čína', 'také', 'tvrdí,', 'že', 'Arunachal', 'Pradesh', 'je', 'součástí', 'jižního', 'Tibetu,', 'který', 'Indie', 'zpochybňuje.']","[(0, 8), (8, 13), (13, 18), (18, 24), (24, 26), (26, 32), (32, 43), (43, 45), (45, 49), (49, 52), (52, 60), (60, 66), (66, 75), (75, 84), (84, 90), (90, 97), (97, 108), (108, 113), (113, 118), (118, 125), (125, 128), (128, 138), (138, 146), (146, 149), (149, 158), (158, 166), (166, 174), (174, 180), (180, 186), (186, 199)]","['Hraniční', 'spor', 'mezi', 'Čínou', 'a', 'Indií', 'týkající', 'se', '3', '488', 'km', 'dlouhé', 'Linie', 'aktuální', 'kontroly', '(LAC)', 'zůstal', 'nevyřešený.', 'Čína', 'také', 'tvrdí,', 'že', 'Arunáčalpradéš', 'je', 'součástí', 'jižního', 'Tibetu,', 'což', 'Indie', 'zpochybňuje.']","[(0, 8), (8, 13), (13, 18), (18, 24), (24, 26), (26, 32), (32, 41), (41, 44), (44, 46), (46, 50), (50, 53), (53, 60), (60, 66), (66, 75), (75, 84), (84, 90), (90, 97), (97, 109), (109, 114), (114, 119), (119, 126), (126, 129), (129, 144), (144, 147), (147, 156), (156, 164), (164, 172), (172, 176), (176, 182), (182, 195)]"
17,17,5,"So far, the two countries held 21 rounds of Special Representatives talks to resolve the border dispute.",Dosud obě země uspořádaly 21 kol jednání zvláštních zástupců s cílem vyřešit spor o hranice.,"Dosud obě země uspořádaly 21 kol jednání zvláštních zástupců, kteří se pokoušeli hraniční spor vyřešit.","['Dosud', 'obě', 'země', 'uspořádaly', '21', 'kol', 'jednání', 'zvláštních', 'zástupců', 's', 'cílem', 'vyřešit', 'spor', 'o', 'hranice.']","[(0, 5), (5, 9), (9, 14), (14, 25), (25, 28), (28, 32), (32, 40), (40, 51), (51, 60), (60, 62), (62, 68), (68, 76), (76, 81), (81, 83), (83, 92)]","['Dosud', 'obě', 'země', 'uspořádaly', '21', 'kol', 'jednání', 'zvláštních', 'zástupců,', 'kteří', 'se', 'pokoušeli', 'hraniční', 'spor', 'vyřešit.']","[(0, 5), (5, 9), (9, 14), (14, 25), (25, 28), (28, 32), (32, 40), (40, 51), (51, 61), (61, 67), (67, 70), (70, 80), (80, 89), (89, 94), (94, 103)]"
17,17,6,"Besides the 1962 war, India and China had a major military standoff at Doklam in 2017 when the People's Liberation Army (PLA) tried to lay a road close to India""s narrow Chicken Neck corridor connecting with the North-Eastern states in an area also claimed by Bhutan.","Kromě války v roce 1962 měly Indie a Čína v Doklamu v roce 2017 velký vojenský odstup, když se lidová osvobozenecká armáda (PLA) pokusila položit silnici poblíž úzkého indického úzkého koridoru kuřecí krku spojujícího se severovýchodními státy v oblasti. tvrdí Bhútán.","Kromě války v roce 1962 hrozilo mezi Indií a Čínou vypuknutí většího vojenského konfliktu u Doklamské náhorní plošiny v roce 2017, když se Čínská lidová osvobozenecká armáda (PLA) pokusila vybudovat železnici poblíž úzkého indického koridoru Kuřecí krk, který spojuje západní a východní část Indie v oblasti nárokované také Bhútánem.","['Kromě', 'války', 'v', 'roce', '1962', 'měly', 'Indie', 'a', 'Čína', 'v', 'Doklamu', 'v', 'roce', '2017', 'velký', 'vojenský', 'odstup,', 'když', 'se', 'lidová', 'osvobozenecká', 'armáda', '(PLA)', 'pokusila', 'položit', 'silnici', 'poblíž', 'úzkého', 'indického', 'úzkého', 'koridoru', 'kuřecí', 'krku', 'spojujícího', 'se', 'severovýchodními', 'státy', 'v', 'oblasti.', 'tvrdí', 'Bhútán.']","[(0, 5), (5, 11), (11, 13), (13, 18), (18, 23), (23, 28), (28, 34), (34, 36), (36, 41), (41, 43), (43, 51), (51, 53), (53, 58), (58, 63), (63, 69), (69, 78), (78, 86), (86, 91), (91, 94), (94, 101), (101, 115), (115, 122), (122, 128), (128, 137), (137, 145), (145, 153), (153, 160), (160, 167), (167, 177), (177, 184), (184, 193), (193, 200), (200, 205), (205, 217), (217, 220), (220, 237), (237, 243), (243, 245), (245, 254), (254, 260), (260, 268)]","['Kromě', 'války', 'v', 'roce', '1962', 'hrozilo', 'mezi', 'Indií', 'a', 'Čínou', 'vypuknutí', 'většího', 'vojenského', 'konfliktu', 'u', 'Doklamské', 'náhorní', 'plošiny', 'v', 'roce', '2017,', 'když', 'se', 'Čínská', 'lidová', 'osvobozenecká', 'armáda', '(PLA)', 'pokusila', 'vybudovat', 'železnici', 'poblíž', 'úzkého', 'indického', 'koridoru', 'Kuřecí', 'krk,', 'který', 'spojuje', 'západní', 'a', 'východní', 'část', 'Indie', 'v', 'oblasti', 'nárokované', 'také', 'Bhútánem.']","[(0, 5), (5, 11), (11, 13), (13, 18), (18, 23), (23, 31), (31, 36), (36, 42), (42, 44), (44, 50), (50, 60), (60, 68), (68, 79), (79, 89), (89, 91), (91, 101), (101, 109), (109, 117), (117, 119), (119, 124), (124, 130), (130, 135), (135, 138), (138, 145), (145, 152), (152, 166), (166, 173), (173, 179), (179, 188), (188, 198), (198, 208), (208, 215), (215, 222), (222, 232), (232, 241), (241, 248), (248, 253), (253, 259), (259, 267), (267, 275), (275, 277), (277, 286), (286, 291), (291, 297), (297, 299), (299, 307), (307, 318), (318, 323), (323, 333)]"
17,17,7,It was finally diplomatically resolved after which both sides pulled back their troops.,"Nakonec bylo diplomaticky vyřešeno, po kterém obě strany stáhly své jednotky zpět.",Nakonec bylo vše vyřešeno diplomatickou cestou a obě strany stáhly své vojenské jednotky.,"['Nakonec', 'bylo', 'diplomaticky', 'vyřešeno,', 'po', 'kterém', 'obě', 'strany', 'stáhly', 'své', 'jednotky', 'zpět.']","[(0, 7), (7, 12), (12, 25), (25, 35), (35, 38), (38, 45), (45, 49), (49, 56), (56, 63), (63, 67), (67, 76), (76, 82)]","['Nakonec', 'bylo', 'vše', 'vyřešeno', 'diplomatickou', 'cestou', 'a', 'obě', 'strany', 'stáhly', 'své', 'vojenské', 'jednotky.']","[(0, 7), (7, 12), (12, 16), (16, 25), (25, 39), (39, 46), (46, 48), (48, 52), (52, 59), (59, 66), (66, 70), (70, 79), (79, 89)]"
17,17,8,"China also had a major military conflict with Vietnam in 1979. China claims sovereignty over all of South China Sea. Vietnam, Malaysia, the Philippines, Brunei and Taiwan have counter claims.","V roce 1979 měla Čína také velký vojenský konflikt s Vietnamem. Čína si nárokuje svrchovanost nad celým Jihočínským mořem. Vietnam, Malajsie, Filipíny, Brunej a Tchaj-wan mají protinávrhy.","V roce 1979 došlo také k velkému vojenskému konfliktu mezi Čínou a Vietnamem. Čína si nárokuje svrchovanost nad celým Jihočínským mořem. Avšak Vietnam, Malajsie, Filipíny, Brunej a Tchaj-wan také vznášejí územní nároky na tuto oblast.","['V', 'roce', '1979', 'měla', 'Čína', 'také', 'velký', 'vojenský', 'konflikt', 's', 'Vietnamem.', 'Čína', 'si', 'nárokuje', 'svrchovanost', 'nad', 'celým', 'Jihočínským', 'mořem.', 'Vietnam,', 'Malajsie,', 'Filipíny,', 'Brunej', 'a', 'Tchaj-wan', 'mají', 'protinávrhy.']","[(0, 1), (1, 6), (6, 11), (11, 16), (16, 21), (21, 26), (26, 32), (32, 41), (41, 50), (50, 52), (52, 63), (63, 68), (68, 71), (71, 80), (80, 93), (93, 97), (97, 103), (103, 115), (115, 122), (122, 131), (131, 141), (141, 151), (151, 158), (158, 160), (160, 170), (170, 175), (175, 188)]","['V', 'roce', '1979', 'došlo', 'také', 'k', 'velkému', 'vojenskému', 'konfliktu', 'mezi', 'Čínou', 'a', 'Vietnamem.', 'Čína', 'si', 'nárokuje', 'svrchovanost', 'nad', 'celým', 'Jihočínským', 'mořem.', 'Avšak', 'Vietnam,', 'Malajsie,', 'Filipíny,', 'Brunej', 'a', 'Tchaj-wan', 'také', 'vznášejí', 'územní', 'nároky', 'na', 'tuto', 'oblast.']","[(0, 1), (1, 6), (6, 11), (11, 17), (17, 22), (22, 24), (24, 32), (32, 43), (43, 53), (53, 58), (58, 64), (64, 66), (66, 77), (77, 82), (82, 85), (85, 94), (94, 107), (107, 111), (111, 117), (117, 129), (129, 136), (136, 142), (142, 151), (151, 161), (161, 171), (171, 178), (178, 180), (180, 190), (190, 195), (195, 204), (204, 211), (211, 218), (218, 221), (221, 226), (226, 234)]"
18,18,1,"India's monsoon season has overrun by almost a month, with unprecedented rainfall causing deaths from collapsing buildings and many crops beginning to rot.","Indická monzunová sezóna se překročila téměř o měsíc, kdy bezprecedentní srážky způsobily úmrtí z hroutících se budov a mnoho plodin začalo hnít.","Monzunové období v Indii se prodloužilo téměř o měsíc, během kterého nebývale silné dešťové srážky způsobily úmrtí lidí kvůli zříceným budovám a hnití mnoha plodin.","['Indická', 'monzunová', 'sezóna', 'se', 'překročila', 'téměř', 'o', 'měsíc,', 'kdy', 'bezprecedentní', 'srážky', 'způsobily', 'úmrtí', 'z', 'hroutících', 'se', 'budov', 'a', 'mnoho', 'plodin', 'začalo', 'hnít.']","[(0, 7), (7, 17), (17, 24), (24, 27), (27, 38), (38, 44), (44, 46), (46, 53), (53, 57), (57, 72), (72, 79), (79, 89), (89, 95), (95, 97), (97, 108), (108, 111), (111, 117), (117, 119), (119, 125), (125, 132), (132, 139), (139, 145)]","['Monzunové', 'období', 'v', 'Indii', 'se', 'prodloužilo', 'téměř', 'o', 'měsíc,', 'během', 'kterého', 'nebývale', 'silné', 'dešťové', 'srážky', 'způsobily', 'úmrtí', 'lidí', 'kvůli', 'zříceným', 'budovám', 'a', 'hnití', 'mnoha', 'plodin.']","[(0, 9), (9, 16), (16, 18), (18, 24), (24, 27), (27, 39), (39, 45), (45, 47), (47, 54), (54, 60), (60, 68), (68, 77), (77, 83), (83, 91), (91, 98), (98, 108), (108, 114), (114, 119), (119, 125), (125, 134), (134, 142), (142, 144), (144, 150), (150, 156), (156, 164)]"
18,18,2,"Normally the monsoon in north India recedes by the beginning of September, but the average rainfall this month has been 37% above normal. If the situation continues for the remaining few days, it will be the latest the monsoon has ever receded in decades, according to experts in the India Meteorological Department.","Normálně monzun v severní Indii ustupuje do začátku září, ale průměrná srážka v tomto měsíci byla o 37% nad normální. Pokud bude situace přetrvávat i po zbývajících několik dní, bude to podle odborníků indického meteorologického oddělení poslední monzun, který kdy za desetiletí ustoupil.","Monzuny v severní Indii obvykle ustupují do začátku září, ale průměrný měsíční úhrn srážek v tomto měsíci byl o 37% nad hodnotou normálu. Pokud bude situace přetrvávat i po zbývajících několik dní, bude to podle odborníků indického meteorologického ústavu nejdéle, kdy za poslední desetiletí monzun ustoupil.","['Normálně', 'monzun', 'v', 'severní', 'Indii', 'ustupuje', 'do', 'začátku', 'září,', 'ale', 'průměrná', 'srážka', 'v', 'tomto', 'měsíci', 'byla', 'o', '37%', 'nad', 'normální.', 'Pokud', 'bude', 'situace', 'přetrvávat', 'i', 'po', 'zbývajících', 'několik', 'dní,', 'bude', 'to', 'podle', 'odborníků', 'indického', 'meteorologického', 'oddělení', 'poslední', 'monzun,', 'který', 'kdy', 'za', 'desetiletí', 'ustoupil.']","[(0, 8), (8, 15), (15, 17), (17, 25), (25, 31), (31, 40), (40, 43), (43, 51), (51, 57), (57, 61), (61, 70), (70, 77), (77, 79), (79, 85), (85, 92), (92, 97), (97, 99), (99, 103), (103, 107), (107, 117), (117, 123), (123, 128), (128, 136), (136, 147), (147, 149), (149, 152), (152, 164), (164, 172), (172, 177), (177, 182), (182, 185), (185, 191), (191, 201), (201, 211), (211, 228), (228, 237), (237, 246), (246, 254), (254, 260), (260, 264), (264, 267), (267, 278), (278, 288)]","['Monzuny', 'v', 'severní', 'Indii', 'obvykle', 'ustupují', 'do', 'začátku', 'září,', 'ale', 'průměrný', 'měsíční', 'úhrn', 'srážek', 'v', 'tomto', 'měsíci', 'byl', 'o', '37%', 'nad', 'hodnotou', 'normálu.', 'Pokud', 'bude', 'situace', 'přetrvávat', 'i', 'po', 'zbývajících', 'několik', 'dní,', 'bude', 'to', 'podle', 'odborníků', 'indického', 'meteorologického', 'ústavu', 'nejdéle,', 'kdy', 'za', 'poslední', 'desetiletí', 'monzun', 'ustoupil.']","[(0, 7), (7, 9), (9, 17), (17, 23), (23, 31), (31, 40), (40, 43), (43, 51), (51, 57), (57, 61), (61, 70), (70, 78), (78, 83), (83, 90), (90, 92), (92, 98), (98, 105), (105, 109), (109, 111), (111, 115), (115, 119), (119, 128), (128, 137), (137, 143), (143, 148), (148, 156), (156, 167), (167, 169), (169, 172), (172, 184), (184, 192), (192, 197), (197, 202), (202, 205), (205, 211), (211, 221), (221, 231), (231, 248), (248, 255), (255, 264), (264, 268), (268, 271), (271, 280), (280, 291), (291, 298), (298, 308)]"
18,18,3,"Many areas of the country are still getting unprecedented rain, the latest being the town of Pune in western India, where torrential rain on Wednesday and Thursday caused several deaths and havoc from collapsed buildings.","Mnoho oblastí země stále dostává bezprecedentní déšť. Poslední z nich je město Pune v západní Indii, kde přívalové deště ve středu a ve čtvrtek způsobily několik úmrtí a zmatků způsobených zhroucenými budovami.","V mnoha oblastech země stále silně prší, nejnověji ve městě Púne v západní Indii, kde přívalové deště ve středu a ve čtvrtek způsobily úmrtí několika lidí a zmatky kvůli zříceným budovám.","['Mnoho', 'oblastí', 'země', 'stále', 'dostává', 'bezprecedentní', 'déšť.', 'Poslední', 'z', 'nich', 'je', 'město', 'Pune', 'v', 'západní', 'Indii,', 'kde', 'přívalové', 'deště', 've', 'středu', 'a', 've', 'čtvrtek', 'způsobily', 'několik', 'úmrtí', 'a', 'zmatků', 'způsobených', 'zhroucenými', 'budovami.']","[(0, 5), (5, 13), (13, 18), (18, 24), (24, 32), (32, 47), (47, 53), (53, 62), (62, 64), (64, 69), (69, 72), (72, 78), (78, 83), (83, 85), (85, 93), (93, 100), (100, 104), (104, 114), (114, 120), (120, 123), (123, 130), (130, 132), (132, 135), (135, 143), (143, 153), (153, 161), (161, 167), (167, 169), (169, 176), (176, 188), (188, 200), (200, 210)]","['V', 'mnoha', 'oblastech', 'země', 'stále', 'silně', 'prší,', 'nejnověji', 've', 'městě', 'Púne', 'v', 'západní', 'Indii,', 'kde', 'přívalové', 'deště', 've', 'středu', 'a', 've', 'čtvrtek', 'způsobily', 'úmrtí', 'několika', 'lidí', 'a', 'zmatky', 'kvůli', 'zříceným', 'budovám.']","[(0, 1), (1, 7), (7, 17), (17, 22), (22, 28), (28, 34), (34, 40), (40, 50), (50, 53), (53, 59), (59, 64), (64, 66), (66, 74), (74, 81), (81, 85), (85, 95), (95, 101), (101, 104), (104, 111), (111, 113), (113, 116), (116, 124), (124, 134), (134, 140), (140, 149), (149, 154), (154, 156), (156, 163), (163, 169), (169, 178), (178, 187)]"
18,18,4,Homes were flooded and people waded through streets with water up to their knees in scenes normally seen only at the height of the monsoon.,Domy byly zaplaveny a lidé brodili ulicemi vodou až ke kolenům ve scénách běžně viděných pouze ve výšce monzunu.,Domy byly zaplavené a lidé se brodili ulicemi vodou až na kolena na místech běžně viditelných jen ve výšce monzunu.,"['Domy', 'byly', 'zaplaveny', 'a', 'lidé', 'brodili', 'ulicemi', 'vodou', 'až', 'ke', 'kolenům', 've', 'scénách', 'běžně', 'viděných', 'pouze', 've', 'výšce', 'monzunu.']","[(0, 4), (4, 9), (9, 19), (19, 21), (21, 26), (26, 34), (34, 42), (42, 48), (48, 51), (51, 54), (54, 62), (62, 65), (65, 73), (73, 79), (79, 88), (88, 94), (94, 97), (97, 103), (103, 112)]","['Domy', 'byly', 'zaplavené', 'a', 'lidé', 'se', 'brodili', 'ulicemi', 'vodou', 'až', 'na', 'kolena', 'na', 'místech', 'běžně', 'viditelných', 'jen', 've', 'výšce', 'monzunu.']","[(0, 4), (4, 9), (9, 19), (19, 21), (21, 26), (26, 29), (29, 37), (37, 45), (45, 51), (51, 54), (54, 57), (57, 64), (64, 67), (67, 75), (75, 81), (81, 93), (93, 97), (97, 100), (100, 106), (106, 115)]"
18,18,5,"Other cities such as Kolkata, Lucknow and Hyderabad have also experienced heavy rainfall. Uttarakhand state in the north has seen extensive damage to homes from the prolonged rains.","Další města, jako jsou Kalkata, Lucknow a Hyderabad, také zažily silné srážky. Uttarakhandský stát na severu viděl rozsáhlé škody na domovech způsobené dlouhodobými dešti.","Další města, jako jsou Kalkata, Lakhnaú a Haidarábád, také zažila silné srážky. Ve státě Uttarákhand na severu země způsobily dlouhodobé deště rozsáhlé škody na domovech lidí.","['Další', 'města,', 'jako', 'jsou', 'Kalkata,', 'Lucknow', 'a', 'Hyderabad,', 'také', 'zažily', 'silné', 'srážky.', 'Uttarakhandský', 'stát', 'na', 'severu', 'viděl', 'rozsáhlé', 'škody', 'na', 'domovech', 'způsobené', 'dlouhodobými', 'dešti.']","[(0, 5), (5, 12), (12, 17), (17, 22), (22, 31), (31, 39), (39, 41), (41, 52), (52, 57), (57, 64), (64, 70), (70, 78), (78, 93), (93, 98), (98, 101), (101, 108), (108, 114), (114, 123), (123, 129), (129, 132), (132, 141), (141, 151), (151, 164), (164, 171)]","['Další', 'města,', 'jako', 'jsou', 'Kalkata,', 'Lakhnaú', 'a', 'Haidarábád,', 'také', 'zažila', 'silné', 'srážky.', 'Ve', 'státě', 'Uttarákhand', 'na', 'severu', 'země', 'způsobily', 'dlouhodobé', 'deště', 'rozsáhlé', 'škody', 'na', 'domovech', 'lidí.']","[(0, 5), (5, 12), (12, 17), (17, 22), (22, 31), (31, 39), (39, 41), (41, 53), (53, 58), (58, 65), (65, 71), (71, 79), (79, 82), (82, 88), (88, 100), (100, 103), (103, 110), (110, 115), (115, 125), (125, 136), (136, 142), (142, 151), (151, 157), (157, 160), (160, 169), (169, 175)]"
18,18,6,The monsoon was also late to arrive. Many areas suffered water shortages and farmers braced themselves for a possible drought.,Monzun také přijel pozdě. Mnoho oblastí utrpělo nedostatek vody a zemědělci se připravili na možné sucho.,Monzun také přišel později než obvykle. Mnoho oblastí trpělo nedostatkem vody a zemědělci se připravovali na možné sucho.,"['Monzun', 'také', 'přijel', 'pozdě.', 'Mnoho', 'oblastí', 'utrpělo', 'nedostatek', 'vody', 'a', 'zemědělci', 'se', 'připravili', 'na', 'možné', 'sucho.']","[(0, 6), (6, 11), (11, 18), (18, 25), (25, 31), (31, 39), (39, 47), (47, 58), (58, 63), (63, 65), (65, 75), (75, 78), (78, 89), (89, 92), (92, 98), (98, 105)]","['Monzun', 'také', 'přišel', 'později', 'než', 'obvykle.', 'Mnoho', 'oblastí', 'trpělo', 'nedostatkem', 'vody', 'a', 'zemědělci', 'se', 'připravovali', 'na', 'možné', 'sucho.']","[(0, 6), (6, 11), (11, 18), (18, 26), (26, 30), (30, 39), (39, 45), (45, 53), (53, 60), (60, 72), (72, 77), (77, 79), (79, 89), (89, 92), (92, 105), (105, 108), (108, 114), (114, 121)]"
18,18,7,"The extended monsoon is not welcome among farmers. ""This amount of rain is not normal at this time of the year. It is making my vegetables - I've got cabbage, beans, peas and tomatoes at the moment - rot,"" said Prakash Mehra, a small farmer in Bhimtal in Uttarakhand.","Rozšířený monzun není mezi farmáři vítán. ""Toto množství deště není v této roční době normální. Vyrábí moji zeleninu - v tuto chvíli mám zelí, fazole, hrášek a rajčata - hnilobu,"" řekl Prakash Mehra, malý farmář v Bhimtalu v Uttarakhandu .","Prodloužené monzunové období nevidí farmáři rádi. „Takové množství deště není v této roční době normální. Způsobuje – momentálně u zelí, fazolí, hrášku a rajčat – hnilobu mojí zeleniny,“ řekl Prakash Mehra, malý farmář z Bhimtalu v Uttarákhandu.","['Rozšířený', 'monzun', 'není', 'mezi', 'farmáři', 'vítán.', '""Toto', 'množství', 'deště', 'není', 'v', 'této', 'roční', 'době', 'normální.', 'Vyrábí', 'moji', 'zeleninu', '-', 'v', 'tuto', 'chvíli', 'mám', 'zelí,', 'fazole,', 'hrášek', 'a', 'rajčata', '-', 'hnilobu,""', 'řekl', 'Prakash', 'Mehra,', 'malý', 'farmář', 'v', 'Bhimtalu', 'v', 'Uttarakhandu', '.']","[(0, 9), (9, 16), (16, 21), (21, 26), (26, 34), (34, 41), (41, 47), (47, 56), (56, 62), (62, 67), (67, 69), (69, 74), (74, 80), (80, 85), (85, 95), (95, 102), (102, 107), (107, 116), (116, 118), (118, 120), (120, 125), (125, 132), (132, 136), (136, 142), (142, 150), (150, 157), (157, 159), (159, 167), (167, 169), (169, 179), (179, 184), (184, 192), (192, 199), (199, 204), (204, 211), (211, 213), (213, 222), (222, 224), (224, 237), (237, 239)]","['Prodloužené', 'monzunové', 'období', 'nevidí', 'farmáři', 'rádi.', '„Takové', 'množství', 'deště', 'není', 'v', 'této', 'roční', 'době', 'normální.', 'Způsobuje', '–', 'momentálně', 'u', 'zelí,', 'fazolí,', 'hrášku', 'a', 'rajčat', '–', 'hnilobu', 'mojí', 'zeleniny,“', 'řekl', 'Prakash', 'Mehra,', 'malý', 'farmář', 'z', 'Bhimtalu', 'v', 'Uttarákhandu.']","[(0, 11), (11, 21), (21, 28), (28, 35), (35, 43), (43, 49), (49, 57), (57, 66), (66, 72), (72, 77), (77, 79), (79, 84), (84, 90), (90, 95), (95, 105), (105, 115), (115, 117), (117, 128), (128, 130), (130, 136), (136, 144), (144, 151), (151, 153), (153, 160), (160, 162), (162, 170), (170, 175), (175, 186), (186, 191), (191, 199), (199, 206), (206, 211), (211, 218), (218, 220), (220, 229), (229, 231), (231, 245)]"
18,18,8,"For consumers, the impact of the delayed and now late-receding monsoon has meant a rise in the price in the price of onions, an essential ingredient in Indian food. Onions are selling at 80 rupees (about £1) a kilo in cities such as Delhi and Mumbai, as opposed to the normal 20 rupees (23p).","Pro spotřebitele znamenal dopad zpožděného a nyní opožděného monzunu zvýšení ceny cibule, základní složky indického jídla. Cibule se prodávají za 80 rupií (asi 1 libra) za kilogram ve městech, jako je Dillí a Bombaj, na rozdíl od běžných 20 rupií (23p).","Pro spotřebitele znamená dopad zpožděného a nyní déle trvajícího monzunu zvýšení ceny cibule, základní složky indických pokrmů. Cibule se prodává za 80 rupií (cca 1 libra) za kilogram ve městech, jako je Dillí a Bombaj, na rozdíl od běžné ceny 20 rupií (23 pencí).","['Pro', 'spotřebitele', 'znamenal', 'dopad', 'zpožděného', 'a', 'nyní', 'opožděného', 'monzunu', 'zvýšení', 'ceny', 'cibule,', 'základní', 'složky', 'indického', 'jídla.', 'Cibule', 'se', 'prodávají', 'za', '80', 'rupií', '(asi', '1', 'libra)', 'za', 'kilogram', 've', 'městech,', 'jako', 'je', 'Dillí', 'a', 'Bombaj,', 'na', 'rozdíl', 'od', 'běžných', '20', 'rupií', '(23p).']","[(0, 3), (3, 16), (16, 25), (25, 31), (31, 42), (42, 44), (44, 49), (49, 60), (60, 68), (68, 76), (76, 81), (81, 89), (89, 98), (98, 105), (105, 115), (115, 122), (122, 129), (129, 132), (132, 142), (142, 145), (145, 148), (148, 154), (154, 159), (159, 161), (161, 168), (168, 171), (171, 180), (180, 183), (183, 192), (192, 197), (197, 200), (200, 206), (206, 208), (208, 216), (216, 219), (219, 226), (226, 229), (229, 237), (237, 240), (240, 246), (246, 253)]","['Pro', 'spotřebitele', 'znamená', 'dopad', 'zpožděného', 'a', 'nyní', 'déle', 'trvajícího', 'monzunu', 'zvýšení', 'ceny', 'cibule,', 'základní', 'složky', 'indických', 'pokrmů.', 'Cibule', 'se', 'prodává', 'za', '80', 'rupií', '(cca', '1', 'libra)', 'za', 'kilogram', 've', 'městech,', 'jako', 'je', 'Dillí', 'a', 'Bombaj,', 'na', 'rozdíl', 'od', 'běžné', 'ceny', '20', 'rupií', '(23', 'pencí).']","[(0, 3), (3, 16), (16, 24), (24, 30), (30, 41), (41, 43), (43, 48), (48, 53), (53, 64), (64, 72), (72, 80), (80, 85), (85, 93), (93, 102), (102, 109), (109, 119), (119, 127), (127, 134), (134, 137), (137, 145), (145, 148), (148, 151), (151, 157), (157, 162), (162, 164), (164, 171), (171, 174), (174, 183), (183, 186), (186, 195), (195, 200), (200, 203), (203, 209), (209, 211), (211, 219), (219, 222), (222, 229), (229, 232), (232, 238), (238, 243), (243, 246), (246, 252), (252, 256), (256, 264)]"
19,19,1,"US sends troops, air defense systems to Saudi Arabia to deter Iran attacks","USA vysílají do Saúdské Arábie vojáky, systémy protivzdušné obrany, aby odrazily íránské útoky","USA posílají do Saúdské Arábie vojenské jednotky, systémy protivzdušné obrany, aby odrazily útoky Íránu","['USA', 'vysílají', 'do', 'Saúdské', 'Arábie', 'vojáky,', 'systémy', 'protivzdušné', 'obrany,', 'aby', 'odrazily', 'íránské', 'útoky']","[(0, 3), (3, 12), (12, 15), (15, 23), (23, 30), (30, 38), (38, 46), (46, 59), (59, 67), (67, 71), (71, 80), (80, 88), (88, 94)]","['USA', 'posílají', 'do', 'Saúdské', 'Arábie', 'vojenské', 'jednotky,', 'systémy', 'protivzdušné', 'obrany,', 'aby', 'odrazily', 'útoky', 'Íránu']","[(0, 3), (3, 12), (12, 15), (15, 23), (23, 30), (30, 39), (39, 49), (49, 57), (57, 70), (70, 78), (78, 82), (82, 91), (91, 97), (97, 103)]"
19,19,2,"The U.S. is sending a Patriot missile battery, four ground-based radar systems, and 200 support troops to Saudi Arabia to deter Iran's increasingly aggressive behavior, officials announced Thursday.","USA odesílají raketovou baterii Patriot, čtyři pozemní radarové systémy a 200 podpůrných jednotek do Saúdské Arábie, aby odrazily stále agresivnější chování Íránu.","USA posílají do Saúdské Arábie raketovou baterii Patriot, čtyři pozemní radarové systémy a 200 podpůrných vojenských jednotek, aby se bránily proti stále agresivnějšímu chování Íránu, oznámily ve čtvrtek úřady.","['USA', 'odesílají', 'raketovou', 'baterii', 'Patriot,', 'čtyři', 'pozemní', 'radarové', 'systémy', 'a', '200', 'podpůrných', 'jednotek', 'do', 'Saúdské', 'Arábie,', 'aby', 'odrazily', 'stále', 'agresivnější', 'chování', 'Íránu.']","[(0, 3), (3, 13), (13, 23), (23, 31), (31, 40), (40, 46), (46, 54), (54, 63), (63, 71), (71, 73), (73, 77), (77, 88), (88, 97), (97, 100), (100, 108), (108, 116), (116, 120), (120, 129), (129, 135), (135, 148), (148, 156), (156, 163)]","['USA', 'posílají', 'do', 'Saúdské', 'Arábie', 'raketovou', 'baterii', 'Patriot,', 'čtyři', 'pozemní', 'radarové', 'systémy', 'a', '200', 'podpůrných', 'vojenských', 'jednotek,', 'aby', 'se', 'bránily', 'proti', 'stále', 'agresivnějšímu', 'chování', 'Íránu,', 'oznámily', 've', 'čtvrtek', 'úřady.']","[(0, 3), (3, 12), (12, 15), (15, 23), (23, 30), (30, 40), (40, 48), (48, 57), (57, 63), (63, 71), (71, 80), (80, 88), (88, 90), (90, 94), (94, 105), (105, 116), (116, 126), (126, 130), (130, 133), (133, 141), (141, 147), (147, 153), (153, 168), (168, 176), (176, 183), (183, 192), (192, 195), (195, 203), (203, 210)]"
19,19,3,"A THAAD missile defense system and two additional Patriot missile batteries are prepared to go if needed, the Pentagon said.","Raketový obranný systém THAAD a dvě další raketové baterie Patriot jsou připraveny v případě potřeby jít, řekl Pentagon.","Raketový obranný systém THAAD a další dvě raketové baterie Patriot jsou v případě potřeby připraveny, řekl Pentagon.","['Raketový', 'obranný', 'systém', 'THAAD', 'a', 'dvě', 'další', 'raketové', 'baterie', 'Patriot', 'jsou', 'připraveny', 'v', 'případě', 'potřeby', 'jít,', 'řekl', 'Pentagon.']","[(0, 8), (8, 16), (16, 23), (23, 29), (29, 31), (31, 35), (35, 41), (41, 50), (50, 58), (58, 66), (66, 71), (71, 82), (82, 84), (84, 92), (92, 100), (100, 105), (105, 110), (110, 120)]","['Raketový', 'obranný', 'systém', 'THAAD', 'a', 'další', 'dvě', 'raketové', 'baterie', 'Patriot', 'jsou', 'v', 'případě', 'potřeby', 'připraveny,', 'řekl', 'Pentagon.']","[(0, 8), (8, 16), (16, 23), (23, 29), (29, 31), (31, 37), (37, 41), (41, 50), (50, 58), (58, 66), (66, 71), (71, 73), (73, 81), (81, 89), (89, 101), (101, 106), (106, 116)]"
19,19,4,"""Other countries have called out Iranian misadventures in the region, and we look for them to contribute assets in an international effort to reinforce Saudi Arabia's defense,"" Pentagon spokesman Jonathan Hoffman said.","""Jiné země vyzvaly íránské zneužívání v tomto regionu a my hledáme, aby přispěli prostředky v mezinárodním úsilí o posílení obrany Saúdské Arábie,"" řekl mluvčí Pentagonu Jonathan Hoffman.","„Další země vyzvaly Írán, aby upustil od násilného chování v tomto regionu, a my se snažíme, aby se aktivně zapojily do mezinárodní snahy o posílení obrany Saúdské Arábie,“ řekl mluvčí Pentagonu Jonathan Hoffman.","['""Jiné', 'země', 'vyzvaly', 'íránské', 'zneužívání', 'v', 'tomto', 'regionu', 'a', 'my', 'hledáme,', 'aby', 'přispěli', 'prostředky', 'v', 'mezinárodním', 'úsilí', 'o', 'posílení', 'obrany', 'Saúdské', 'Arábie,""', 'řekl', 'mluvčí', 'Pentagonu', 'Jonathan', 'Hoffman.']","[(0, 5), (5, 10), (10, 18), (18, 26), (26, 37), (37, 39), (39, 45), (45, 53), (53, 55), (55, 58), (58, 67), (67, 71), (71, 80), (80, 91), (91, 93), (93, 106), (106, 112), (112, 114), (114, 123), (123, 130), (130, 138), (138, 147), (147, 152), (152, 159), (159, 169), (169, 178), (178, 187)]","['„Další', 'země', 'vyzvaly', 'Írán,', 'aby', 'upustil', 'od', 'násilného', 'chování', 'v', 'tomto', 'regionu,', 'a', 'my', 'se', 'snažíme,', 'aby', 'se', 'aktivně', 'zapojily', 'do', 'mezinárodní', 'snahy', 'o', 'posílení', 'obrany', 'Saúdské', 'Arábie,“', 'řekl', 'mluvčí', 'Pentagonu', 'Jonathan', 'Hoffman.']","[(0, 6), (6, 11), (11, 19), (19, 25), (25, 29), (29, 37), (37, 40), (40, 50), (50, 58), (58, 60), (60, 66), (66, 75), (75, 77), (77, 80), (80, 83), (83, 92), (92, 96), (96, 99), (99, 107), (107, 116), (116, 119), (119, 131), (131, 137), (137, 139), (139, 148), (148, 155), (155, 163), (163, 172), (172, 177), (177, 184), (184, 194), (194, 203), (203, 212)]"
19,19,5,"Last week, Defense Secretary Mark Esper said more troops would deploy to the Middle East as a ""defensive"" measure to help protect against attacks from Iran.","Minulý týden ministr obrany Mark Esper uvedl, že další jednotky budou nasazeny na Blízký východ jako „obranné“ opatření na ochranu před útoky z Íránu.","Americký ministr obrany Mark Esper minulý týden uvedl, že další jednotky budou nasazeny na Blízký východ jako „obranné“ opatření na ochranu před útoky ze strany Íránu.","['Minulý', 'týden', 'ministr', 'obrany', 'Mark', 'Esper', 'uvedl,', 'že', 'další', 'jednotky', 'budou', 'nasazeny', 'na', 'Blízký', 'východ', 'jako', '„obranné“', 'opatření', 'na', 'ochranu', 'před', 'útoky', 'z', 'Íránu.']","[(0, 6), (6, 12), (12, 20), (20, 27), (27, 32), (32, 38), (38, 45), (45, 48), (48, 54), (54, 63), (63, 69), (69, 78), (78, 81), (81, 88), (88, 95), (95, 100), (100, 110), (110, 119), (119, 122), (122, 130), (130, 135), (135, 141), (141, 143), (143, 150)]","['Americký', 'ministr', 'obrany', 'Mark', 'Esper', 'minulý', 'týden', 'uvedl,', 'že', 'další', 'jednotky', 'budou', 'nasazeny', 'na', 'Blízký', 'východ', 'jako', '„obranné“', 'opatření', 'na', 'ochranu', 'před', 'útoky', 'ze', 'strany', 'Íránu.']","[(0, 8), (8, 16), (16, 23), (23, 28), (28, 34), (34, 41), (41, 47), (47, 54), (54, 57), (57, 63), (63, 72), (72, 78), (78, 87), (87, 90), (90, 97), (97, 104), (104, 109), (109, 119), (119, 128), (128, 131), (131, 139), (139, 144), (144, 150), (150, 153), (153, 160), (160, 167)]"
19,19,6,Esper said the deployment was a first step toward addressing Iran's increasingly violent acts in the region -- including this month's drone attack on Saudi Arabian oil facilities -- and he called on other nations to step up and condemn the attacks.,"Esper uvedl, že rozmístění bylo prvním krokem k řešení stále násilnějších činů Íránu v regionu - včetně tohoto útoku dronů na tento měsíc na saúdskoarabská ropná zařízení - a vyzval další země, aby útoky zintenzívnily a odsoudily.","Esper řekl, že rozmístění jednotek bylo prvním krokem k řešení stále agresivnějšího chování Íránu v daném regionu – včetně útoku dronů na saúdskoarabská ropná zařízení tento měsíc – a vyzval další země, aby rychle jednaly a odsoudily tyto útoky.","['Esper', 'uvedl,', 'že', 'rozmístění', 'bylo', 'prvním', 'krokem', 'k', 'řešení', 'stále', 'násilnějších', 'činů', 'Íránu', 'v', 'regionu', '-', 'včetně', 'tohoto', 'útoku', 'dronů', 'na', 'tento', 'měsíc', 'na', 'saúdskoarabská', 'ropná', 'zařízení', '-', 'a', 'vyzval', 'další', 'země,', 'aby', 'útoky', 'zintenzívnily', 'a', 'odsoudily.']","[(0, 5), (5, 12), (12, 15), (15, 26), (26, 31), (31, 38), (38, 45), (45, 47), (47, 54), (54, 60), (60, 73), (73, 78), (78, 84), (84, 86), (86, 94), (94, 96), (96, 103), (103, 110), (110, 116), (116, 122), (122, 125), (125, 131), (131, 137), (137, 140), (140, 155), (155, 161), (161, 170), (170, 172), (172, 174), (174, 181), (181, 187), (187, 193), (193, 197), (197, 203), (203, 217), (217, 219), (219, 230)]","['Esper', 'řekl,', 'že', 'rozmístění', 'jednotek', 'bylo', 'prvním', 'krokem', 'k', 'řešení', 'stále', 'agresivnějšího', 'chování', 'Íránu', 'v', 'daném', 'regionu', '–', 'včetně', 'útoku', 'dronů', 'na', 'saúdskoarabská', 'ropná', 'zařízení', 'tento', 'měsíc', '–', 'a', 'vyzval', 'další', 'země,', 'aby', 'rychle', 'jednaly', 'a', 'odsoudily', 'tyto', 'útoky.']","[(0, 5), (5, 11), (11, 14), (14, 25), (25, 34), (34, 39), (39, 46), (46, 53), (53, 55), (55, 62), (62, 68), (68, 83), (83, 91), (91, 97), (97, 99), (99, 105), (105, 113), (113, 115), (115, 122), (122, 128), (128, 134), (134, 137), (137, 152), (152, 158), (158, 167), (167, 173), (173, 179), (179, 181), (181, 183), (183, 190), (190, 196), (196, 202), (202, 206), (206, 213), (213, 221), (221, 223), (223, 233), (233, 238), (238, 245)]"
19,19,7,"Iran-backed Houthi rebels in Yemen claimed responsibility for the Sept. 14 attack on the world's largest oil processing plant and a major oil field, but the U.S. and Saudi Arabia blamed Iran directly. Iran has denied involvement in the attack.","Íránem podporovaní reholové Houthi v Jemenu si nárokovali odpovědnost za útok ze 14. září na největší ropnou továrnu na zpracování ropy a hlavní ropné pole, ale USA a Saúdská Arábie obviňují Irán přímo. Írán odmítl účast na útoku.","Íránem podporovaní Houthi rebelové v Jemenu se přihlásili k odpovědnosti za útok ze 14. září na největší saúdské ropné zařízení a hlavní ropné pole, ale USA a Saúdská Arábie obviňují přímo Irán. Írán odmítl, že se na útoku podílel.","['Íránem', 'podporovaní', 'reholové', 'Houthi', 'v', 'Jemenu', 'si', 'nárokovali', 'odpovědnost', 'za', 'útok', 'ze', '14.', 'září', 'na', 'největší', 'ropnou', 'továrnu', 'na', 'zpracování', 'ropy', 'a', 'hlavní', 'ropné', 'pole,', 'ale', 'USA', 'a', 'Saúdská', 'Arábie', 'obviňují', 'Irán', 'přímo.', 'Írán', 'odmítl', 'účast', 'na', 'útoku.']","[(0, 6), (6, 18), (18, 27), (27, 34), (34, 36), (36, 43), (43, 46), (46, 57), (57, 69), (69, 72), (72, 77), (77, 80), (80, 84), (84, 89), (89, 92), (92, 101), (101, 108), (108, 116), (116, 119), (119, 130), (130, 135), (135, 137), (137, 144), (144, 150), (150, 156), (156, 160), (160, 164), (164, 166), (166, 174), (174, 181), (181, 190), (190, 195), (195, 202), (202, 207), (207, 214), (214, 220), (220, 223), (223, 230)]","['Íránem', 'podporovaní', 'Houthi', 'rebelové', 'v', 'Jemenu', 'se', 'přihlásili', 'k', 'odpovědnosti', 'za', 'útok', 'ze', '14.', 'září', 'na', 'největší', 'saúdské', 'ropné', 'zařízení', 'a', 'hlavní', 'ropné', 'pole,', 'ale', 'USA', 'a', 'Saúdská', 'Arábie', 'obviňují', 'přímo', 'Irán.', 'Írán', 'odmítl,', 'že', 'se', 'na', 'útoku', 'podílel.']","[(0, 6), (6, 18), (18, 25), (25, 34), (34, 36), (36, 43), (43, 46), (46, 57), (57, 59), (59, 72), (72, 75), (75, 80), (80, 83), (83, 87), (87, 92), (92, 95), (95, 104), (104, 112), (112, 118), (118, 127), (127, 129), (129, 136), (136, 142), (142, 148), (148, 152), (152, 156), (156, 158), (158, 166), (166, 173), (173, 182), (182, 188), (188, 194), (194, 199), (199, 207), (207, 210), (210, 213), (213, 216), (216, 222), (222, 231)]"
19,19,8,"""It is clear [...] that the weapons used were Iranian-produced and were not launched from Yemen,"" Esper said Friday, noting that all signs indicate ""Iran was responsible for the attack.""","""Je jasné [...], že použité zbraně byly vyrobeny v Íránu a nebyly vypuštěny z Jemenu,"" řekl Esper v pátek a poznamenal, že všechna označení ukazují, že za útok byl zodpovědný Írán. ""","„Je jasné [...], že zbraně použité při útoku byly vyrobené v Íránu a nebyly vypuštěné z Jemenu,“ řekl Esper v pátek a poznamenal, že všechny indicie naznačují, že za útok byl zodpovědný Írán.","['""Je', 'jasné', '[...],', 'že', 'použité', 'zbraně', 'byly', 'vyrobeny', 'v', 'Íránu', 'a', 'nebyly', 'vypuštěny', 'z', 'Jemenu,""', 'řekl', 'Esper', 'v', 'pátek', 'a', 'poznamenal,', 'že', 'všechna', 'označení', 'ukazují,', 'že', 'za', 'útok', 'byl', 'zodpovědný', 'Írán.', '""']","[(0, 3), (3, 9), (9, 16), (16, 19), (19, 27), (27, 34), (34, 39), (39, 48), (48, 50), (50, 56), (56, 58), (58, 65), (65, 75), (75, 77), (77, 86), (86, 91), (91, 97), (97, 99), (99, 105), (105, 107), (107, 119), (119, 122), (122, 130), (130, 139), (139, 148), (148, 151), (151, 154), (154, 159), (159, 163), (163, 174), (174, 180), (180, 182)]","['„Je', 'jasné', '[...],', 'že', 'zbraně', 'použité', 'při', 'útoku', 'byly', 'vyrobené', 'v', 'Íránu', 'a', 'nebyly', 'vypuštěné', 'z', 'Jemenu,“', 'řekl', 'Esper', 'v', 'pátek', 'a', 'poznamenal,', 'že', 'všechny', 'indicie', 'naznačují,', 'že', 'za', 'útok', 'byl', 'zodpovědný', 'Írán.']","[(0, 3), (3, 9), (9, 16), (16, 19), (19, 26), (26, 34), (34, 38), (38, 44), (44, 49), (49, 58), (58, 60), (60, 66), (66, 68), (68, 75), (75, 85), (85, 87), (87, 96), (96, 101), (101, 107), (107, 109), (109, 115), (115, 117), (117, 129), (129, 132), (132, 140), (140, 148), (148, 159), (159, 162), (162, 165), (165, 170), (170, 174), (174, 185), (185, 191)]"
